,FSC-A,SSC-A,FL1-A,FL2-A,FL3-A,FL4-A,FSC-H,SSC-H,FL1-H,FL2-H,FL3-H,FL4-H,Width,Time
0,0.0,2330.0,53584.0,6303.0,4186.0,0.0,12237.0,2259.0,41939.0,5156.0,2120.0,447.0,139.0,154.0
1,12078.0,2856.0,142096.0,21056.0,9509.0,279.0,30226.0,2869.0,111696.0,16487.0,7104.0,1203.0,128.0,154.0
2,6384.0,1131.0,73526.0,8101.0,1674.0,436.0,23678.0,2838.0,67358.0,7159.0,1502.0,246.0,53.0,154.0
3,3422.0,5004.0,128645.0,16575.0,10721.0,0.0,19351.0,6385.0,101929.0,12631.0,6163.0,174.0,131.0,154.0
4,355.0,247.0,48855.0,6149.0,3013.0,254.0,7514.0,1477.0,41811.0,5035.0,1895.0,451.0,68.0,155.0
5,0.0,3907.0,190288.0,22489.0,7570.0,321.0,16216.0,7155.0,154233.0,17832.0,7302.0,280.0,129.0,155.0
6,0.0,303.0,49180.0,5920.0,2171.0,404.0,19330.0,1393.0,42798.0,4876.0,1967.0,326.0,64.0,155.0
7,4399.0,6126.0,154224.0,17733.0,5757.0,0.0,20340.0,7973.0,129700.0,14797.0,5344.0,362.0,132.0,155.0
8,4861.0,1458.0,159504.0,19877.0,6571.0,424.0,18009.0,3243.0,135092.0,16424.0,5566.0,673.0,103.0,156.0
9,5389.0,998.0,50039.0,6587.0,2183.0,287.0,23461.0,1715.0,41687.0,5251.0,1742.0,318.0,66.0,157.0
10,11.0,67.0,35670.0,6275.0,4268.0,401.0,19009.0,1487.0,33209.0,5841.0,3625.0,438.0,47.0,157.0
11,10756.0,3651.0,174317.0,21562.0,9922.0,0.0,20256.0,5189.0,148326.0,17828.0,8483.0,366.0,71.0,157.0
12,1262.0,1743.0,83422.0,10163.0,3368.0,612.0,17950.0,2582.0,73676.0,8424.0,2957.0,643.0,52.0,158.0
13,1640.0,620.0,85677.0,10365.0,5096.0,0.0,24843.0,1609.0,69678.0,7947.0,2945.0,223.0,120.0,158.0
14,2199.0,598.0,89413.0,11132.0,2592.0,0.0,18783.0,2854.0,74044.0,8901.0,1817.0,483.0,126.0,158.0
15,0.0,509.0,104507.0,12882.0,4353.0,245.0,18074.0,2683.0,84797.0,10842.0,2673.0,496.0,125.0,158.0
16,0.0,3691.0,120184.0,14330.0,5287.0,327.0,16985.0,6036.0,98035.0,11103.0,3388.0,633.0,72.0,159.0
17,1539.0,3411.0,113365.0,15478.0,7808.0,175.0,15968.0,5663.0,92133.0,12768.0,5570.0,273.0,96.0,159.0
18,822.0,760.0,47152.0,6112.0,2270.0,0.0,12812.0,2630.0,40319.0,4851.0,1675.0,419.0,51.0,159.0
19,0.0,0.0,53326.0,7076.0,3024.0,655.0,12431.0,528.0,46220.0,5609.0,1743.0,529.0,67.0,160.0
20,1093.0,2583.0,80885.0,9589.0,3917.0,281.0,17005.0,3705.0,67958.0,7903.0,2986.0,529.0,69.0,160.0
21,3498.0,4368.0,75678.0,10822.0,5950.0,594.0,12638.0,6235.0,63522.0,8623.0,5028.0,581.0,53.0,160.0
22,7447.0,1331.0,107096.0,13649.0,5024.0,971.0,21590.0,2329.0,94705.0,11729.0,4879.0,868.0,69.0,161.0
23,7061.0,0.0,122983.0,14807.0,7292.0,0.0,17422.0,1066.0,104187.0,12529.0,5459.0,282.0,72.0,161.0
24,0.0,634.0,50760.0,6398.0,2346.0,580.0,14407.0,1258.0,41410.0,5197.0,1372.0,830.0,70.0,161.0
25,101.0,2297.0,48308.0,6038.0,2742.0,767.0,14476.0,2810.0,42056.0,5077.0,2070.0,568.0,71.0,161.0
26,28090.0,5562.0,279968.0,32106.0,11623.0,490.0,56940.0,8130.0,238171.0,27254.0,9580.0,1674.0,113.0,164.0
27,5072.0,1317.0,60012.0,7593.0,1981.0,404.0,15211.0,2554.0,51061.0,5804.0,1353.0,389.0,56.0,164.0
28,6022.0,0.0,45434.0,5223.0,2469.0,109.0,12544.0,1073.0,36512.0,4370.0,1247.0,296.0,89.0,165.0
29,8452.0,1818.0,92802.0,11856.0,3547.0,626.0,17590.0,3268.0,77123.0,9670.0,2301.0,909.0,73.0,165.0
30,0.0,206.0,109729.0,13039.0,4964.0,0.0,7089.0,2477.0,87205.0,10159.0,3699.0,397.0,126.0,165.0
31,0.0,2588.0,92378.0,15205.0,4283.0,366.0,7690.0,3227.0,74547.0,13000.0,4441.0,1197.0,73.0,165.0
32,749.0,934.0,87280.0,11744.0,5001.0,0.0,10351.0,1958.0,70231.0,9607.0,3604.0,133.0,75.0,166.0
33,6770.0,621.0,88869.0,11382.0,4851.0,191.0,14451.0,1480.0,76358.0,9566.0,4367.0,407.0,69.0,166.0
34,0.0,332.0,83914.0,10637.0,3835.0,326.0,9333.0,1550.0,73778.0,9112.0,3219.0,496.0,72.0,166.0
35,8541.0,3735.0,124380.0,14316.0,5213.0,0.0,16490.0,4090.0,99986.0,11339.0,3261.0,535.0,128.0,166.0
36,2374.0,2815.0,117269.0,16227.0,7461.0,0.0,14037.0,3009.0,99674.0,12756.0,5680.0,135.0,75.0,167.0
37,399.0,501.0,79875.0,9069.0,3245.0,0.0,23384.0,2208.0,69376.0,7806.0,2460.0,329.0,70.0,167.0
38,4071.0,0.0,46920.0,6951.0,4743.0,80.0,19234.0,1205.0,41737.0,5890.0,4080.0,211.0,60.0,169.0
39,4610.0,7417.0,154955.0,20869.0,9423.0,0.0,19092.0,7582.0,120517.0,15490.0,6867.0,207.0,101.0,169.0
40,8915.0,1148.0,144212.0,16960.0,6367.0,450.0,15783.0,2644.0,110371.0,13170.0,4681.0,523.0,147.0,169.0
41,0.0,785.0,142269.0,19748.0,7093.0,0.0,18004.0,2324.0,121033.0,16171.0,4330.0,437.0,71.0,170.0
42,2192.0,2466.0,152352.0,18970.0,4872.0,0.0,22535.0,2897.0,127312.0,15742.0,4105.0,689.0,91.0,170.0
43,1504.0,416.0,88320.0,10065.0,4686.0,472.0,24536.0,1490.0,74392.0,8935.0,3248.0,632.0,125.0,171.0
44,2395.0,1619.0,119868.0,15026.0,5951.0,0.0,14265.0,2228.0,101044.0,12522.0,4307.0,423.0,54.0,172.0
45,946.0,1044.0,110230.0,15210.0,5859.0,53.0,27248.0,2604.0,88529.0,11761.0,5327.0,962.0,126.0,172.0
46,3171.0,1955.0,223184.0,25976.0,10620.0,125.0,19390.0,3725.0,175981.0,20016.0,7014.0,349.0,150.0,172.0
47,5354.0,2340.0,149629.0,18516.0,6979.0,0.0,22105.0,3151.0,129907.0,15803.0,7033.0,293.0,53.0,173.0
48,0.0,1630.0,153299.0,17634.0,7308.0,395.0,13978.0,4689.0,124978.0,14180.0,4752.0,740.0,72.0,174.0
49,3413.0,0.0,47422.0,5652.0,1959.0,2.0,21543.0,814.0,39270.0,4728.0,1437.0,257.0,70.0,174.0
50,7503.0,3555.0,98708.0,15086.0,9480.0,11.0,26814.0,5514.0,82334.0,12566.0,5954.0,590.0,54.0,174.0
51,3347.0,104.0,63344.0,7542.0,2232.0,13.0,17895.0,2012.0,53763.0,6189.0,1662.0,450.0,67.0,175.0
52,11912.0,205.0,144116.0,20381.0,8556.0,2397.0,20021.0,1580.0,117290.0,16214.0,7075.0,2555.0,131.0,176.0
53,1417.0,224.0,61941.0,7574.0,2653.0,351.0,16647.0,2313.0,49715.0,5906.0,2342.0,574.0,64.0,176.0
54,5911.0,2122.0,71598.0,8844.0,3332.0,161.0,20740.0,2614.0,62739.0,7712.0,2091.0,937.0,69.0,176.0
55,3141.0,1182.0,157861.0,18174.0,6712.0,339.0,13634.0,3335.0,124006.0,13383.0,5379.0,392.0,102.0,176.0
56,3648.0,0.0,79771.0,8277.0,3000.0,0.0,13098.0,710.0,65362.0,6658.0,2737.0,359.0,69.0,177.0
57,5008.0,500.0,79820.0,10639.0,3734.0,0.0,24446.0,2770.0,65527.0,8728.0,2767.0,249.0,71.0,177.0
58,0.0,0.0,89384.0,10378.0,2997.0,85.0,12875.0,791.0,74604.0,8405.0,2120.0,183.0,72.0,177.0
59,1988.0,0.0,112849.0,14114.0,3213.0,351.0,17472.0,1068.0,92590.0,11019.0,3130.0,357.0,72.0,177.0
60,9489.0,6154.0,182249.0,21752.0,7902.0,0.0,23962.0,8111.0,145012.0,17727.0,7554.0,439.0,131.0,178.0
61,4117.0,1210.0,106662.0,17107.0,4732.0,178.0,18175.0,1964.0,86536.0,13455.0,4577.0,413.0,72.0,178.0
62,0.0,397.0,77213.0,9652.0,3345.0,190.0,6109.0,1059.0,63149.0,7299.0,2469.0,594.0,114.0,178.0
63,0.0,689.0,137563.0,17769.0,6955.0,0.0,6642.0,2263.0,108186.0,13946.0,5233.0,406.0,73.0,178.0
64,5477.0,1952.0,113663.0,13591.0,6718.0,911.0,21111.0,2450.0,85119.0,10493.0,5437.0,666.0,134.0,178.0
65,6646.0,8889.0,120628.0,18648.0,11860.0,0.0,21696.0,9879.0,96824.0,14826.0,8804.0,368.0,131.0,179.0
66,11612.0,1249.0,188672.0,25261.0,11845.0,992.0,15914.0,2534.0,143639.0,18888.0,8908.0,1402.0,151.0,179.0
67,0.0,5858.0,163641.0,14879.0,7842.0,0.0,15350.0,6816.0,130822.0,12218.0,5124.0,443.0,130.0,179.0
68,0.0,416.0,158717.0,18774.0,6640.0,0.0,9603.0,1570.0,133045.0,15374.0,5475.0,421.0,73.0,179.0
69,1014.0,1297.0,74230.0,9746.0,3543.0,814.0,13690.0,2079.0,58263.0,7549.0,3118.0,953.0,92.0,180.0
70,101.0,778.0,75020.0,10295.0,2807.0,0.0,19550.0,2082.0,62563.0,8428.0,1631.0,203.0,73.0,180.0
71,5146.0,2409.0,95325.0,11084.0,4090.0,0.0,9805.0,3480.0,76875.0,9074.0,3467.0,143.0,70.0,180.0
72,4454.0,0.0,215186.0,26064.0,9391.0,381.0,18356.0,1735.0,186320.0,22870.0,7027.0,492.0,72.0,180.0
73,10356.0,3724.0,156579.0,18341.0,5760.0,594.0,35408.0,4037.0,129642.0,14820.0,5587.0,1222.0,94.0,180.0
74,314.0,1693.0,66170.0,7159.0,2595.0,508.0,14280.0,2145.0,58292.0,6374.0,1689.0,530.0,80.0,180.0
75,1318.0,0.0,116520.0,13268.0,4069.0,453.0,17342.0,2067.0,94321.0,10454.0,2929.0,600.0,131.0,180.0
76,254.0,0.0,73892.0,8584.0,2961.0,0.0,17193.0,947.0,62393.0,7002.0,2676.0,42.0,68.0,181.0
77,0.0,209.0,104945.0,12220.0,6961.0,1023.0,11784.0,1620.0,85755.0,9952.0,4519.0,709.0,133.0,181.0
78,23077.0,3449.0,390301.0,42460.0,15808.0,1406.0,58985.0,3605.0,307826.0,32992.0,11989.0,1057.0,135.0,181.0
79,0.0,1759.0,78313.0,9570.0,2172.0,0.0,10243.0,3092.0,64944.0,7842.0,2759.0,191.0,73.0,181.0
80,0.0,0.0,39103.0,5320.0,2399.0,444.0,13855.0,818.0,33508.0,4064.0,1748.0,511.0,65.0,182.0
81,2073.0,1152.0,56645.0,8485.0,4382.0,0.0,16382.0,2977.0,45304.0,6811.0,3160.0,100.0,53.0,182.0
82,6367.0,5210.0,146895.0,17894.0,5683.0,574.0,12298.0,6860.0,121844.0,14676.0,4275.0,903.0,90.0,183.0
83,2665.0,0.0,89919.0,10829.0,4129.0,136.0,22321.0,741.0,73905.0,8752.0,3973.0,455.0,85.0,183.0
84,1538.0,2204.0,41832.0,5644.0,1352.0,303.0,12578.0,3013.0,36213.0,4726.0,1941.0,371.0,53.0,184.0
85,230.0,1354.0,55028.0,6708.0,2503.0,398.0,15056.0,2970.0,48671.0,5502.0,2139.0,479.0,52.0,184.0
86,2283.0,1289.0,36039.0,5010.0,2939.0,0.0,11105.0,2224.0,33069.0,4020.0,3006.0,0.0,51.0,184.0
87,8123.0,370.0,59519.0,7781.0,3556.0,0.0,27534.0,1605.0,51832.0,6478.0,3556.0,187.0,67.0,184.0
88,2820.0,6099.0,335292.0,38814.0,15724.0,1659.0,19324.0,8705.0,281639.0,32582.0,13558.0,2178.0,74.0,185.0
89,7558.0,1726.0,164656.0,20995.0,8299.0,0.0,29169.0,3735.0,126722.0,16636.0,7896.0,926.0,114.0,185.0
90,1357.0,4941.0,142471.0,16996.0,9119.0,257.0,14860.0,6266.0,111588.0,13611.0,7055.0,980.0,104.0,186.0
91,75.0,184.0,105670.0,12046.0,4066.0,47.0,17774.0,2122.0,86332.0,9615.0,2780.0,322.0,71.0,187.0
92,35642.0,1148.0,208278.0,25546.0,11411.0,0.0,58239.0,2278.0,170362.0,20145.0,8834.0,331.0,143.0,187.0
93,15734.0,2924.0,146038.0,18913.0,5032.0,831.0,33355.0,4863.0,122583.0,15494.0,4402.0,843.0,88.0,187.0
94,808.0,208.0,34867.0,4923.0,1099.0,0.0,12360.0,2269.0,29286.0,3520.0,1192.0,367.0,71.0,188.0
95,13717.0,6853.0,239114.0,27992.0,17707.0,1084.0,18985.0,6441.0,188259.0,22271.0,13213.0,1707.0,147.0,188.0
96,0.0,814.0,73931.0,9870.0,3354.0,309.0,12028.0,1758.0,59275.0,7490.0,2458.0,418.0,72.0,188.0
97,0.0,1601.0,103549.0,13226.0,4971.0,650.0,14878.0,3262.0,83947.0,10434.0,4014.0,552.0,72.0,189.0
98,0.0,486.0,95768.0,10451.0,5969.0,0.0,10853.0,2327.0,74026.0,8064.0,3959.0,308.0,141.0,189.0
99,5707.0,2521.0,199056.0,25820.0,9989.0,1334.0,27890.0,3687.0,152421.0,19510.0,8029.0,1649.0,117.0,190.0
100,7146.0,1227.0,74931.0,9991.0,3713.0,8.0,13699.0,1631.0,59873.0,7548.0,2354.0,297.0,93.0,191.0
101,0.0,14.0,36484.0,4546.0,2343.0,40.0,11486.0,816.0,32108.0,4107.0,1696.0,373.0,48.0,191.0
102,0.0,2329.0,79358.0,8164.0,3022.0,46.0,14509.0,2719.0,66019.0,6625.0,2839.0,306.0,112.0,191.0
103,7181.0,1720.0,158829.0,18919.0,5103.0,697.0,16065.0,2625.0,133107.0,15375.0,4537.0,479.0,74.0,193.0
104,0.0,1574.0,83914.0,11011.0,4597.0,371.0,11697.0,1956.0,68025.0,8766.0,3898.0,497.0,73.0,193.0
105,0.0,4377.0,73262.0,10851.0,5250.0,148.0,17056.0,5701.0,60218.0,8597.0,4959.0,353.0,74.0,193.0
106,1263.0,1642.0,65196.0,8603.0,4175.0,0.0,13674.0,2647.0,53897.0,7141.0,4090.0,379.0,70.0,194.0
107,8772.0,3303.0,159542.0,17843.0,8206.0,0.0,20415.0,4735.0,135572.0,14831.0,6339.0,426.0,71.0,194.0
108,4811.0,754.0,47639.0,5655.0,2218.0,0.0,22535.0,1198.0,39388.0,4636.0,1830.0,125.0,52.0,194.0
109,1813.0,0.0,137184.0,15251.0,6168.0,0.0,26283.0,1749.0,113600.0,12571.0,4686.0,134.0,71.0,195.0
110,1628.0,2001.0,87646.0,10363.0,4155.0,371.0,13548.0,4241.0,73191.0,8804.0,2856.0,510.0,72.0,195.0
111,1879.0,0.0,115142.0,13042.0,4596.0,0.0,22551.0,1515.0,92515.0,9980.0,4450.0,344.0,126.0,195.0
112,3107.0,6833.0,304194.0,36009.0,12308.0,0.0,26919.0,9731.0,250415.0,29853.0,11576.0,890.0,150.0,197.0
113,8219.0,1890.0,169200.0,21043.0,7952.0,0.0,15377.0,4623.0,125374.0,15700.0,5846.0,301.0,136.0,198.0
114,2272.0,1398.0,43204.0,6060.0,2306.0,311.0,10088.0,1859.0,35767.0,4661.0,1999.0,635.0,68.0,198.0
115,5496.0,1840.0,136891.0,16198.0,7974.0,0.0,15155.0,5335.0,110558.0,13578.0,6647.0,85.0,76.0,198.0
116,573.0,1445.0,44562.0,5850.0,2726.0,685.0,12234.0,1643.0,39859.0,4961.0,2070.0,753.0,70.0,199.0
117,4826.0,1516.0,125729.0,15390.0,5680.0,246.0,18690.0,2323.0,104796.0,12663.0,4997.0,731.0,88.0,199.0
118,10589.0,6683.0,319154.0,38538.0,14677.0,59.0,20032.0,10308.0,249399.0,30673.0,11068.0,882.0,151.0,200.0
119,2287.0,1131.0,83013.0,11329.0,5201.0,0.0,15640.0,2117.0,67748.0,8633.0,3845.0,249.0,74.0,200.0
120,7455.0,9116.0,260551.0,34443.0,18204.0,0.0,31520.0,12809.0,204540.0,25911.0,14206.0,727.0,87.0,200.0
121,1616.0,1657.0,85001.0,9919.0,4109.0,148.0,13776.0,2300.0,72133.0,8639.0,3292.0,289.0,53.0,201.0
122,0.0,5182.0,107920.0,13386.0,5548.0,617.0,16394.0,7157.0,91895.0,11042.0,5261.0,946.0,117.0,202.0
123,4286.0,1232.0,81152.0,10074.0,3750.0,0.0,11408.0,2386.0,63503.0,6663.0,2416.0,395.0,114.0,202.0
124,11381.0,2356.0,105898.0,12236.0,6322.0,417.0,23004.0,4907.0,89017.0,10258.0,5655.0,943.0,72.0,202.0
125,0.0,0.0,164794.0,19710.0,6835.0,399.0,6867.0,1218.0,135770.0,16742.0,5834.0,822.0,74.0,203.0
126,0.0,184.0,142746.0,15414.0,7578.0,0.0,17912.0,1359.0,119859.0,13012.0,5966.0,206.0,73.0,203.0
127,7980.0,1189.0,51113.0,6275.0,3482.0,312.0,21683.0,2027.0,41276.0,5280.0,3083.0,423.0,72.0,203.0
128,0.0,1347.0,233111.0,28379.0,10999.0,0.0,18667.0,2734.0,200271.0,24036.0,10661.0,476.0,73.0,204.0
129,2289.0,418.0,105862.0,15936.0,10106.0,0.0,15776.0,1869.0,88742.0,13074.0,9724.0,277.0,73.0,204.0
130,107.0,954.0,199899.0,25553.0,10067.0,40.0,17598.0,3226.0,166289.0,20946.0,8027.0,472.0,113.0,204.0
131,0.0,2400.0,71046.0,7750.0,5105.0,620.0,11094.0,2782.0,56419.0,6735.0,3126.0,522.0,126.0,205.0
132,7467.0,1991.0,168829.0,21978.0,8685.0,977.0,18949.0,3308.0,136488.0,17272.0,5875.0,1260.0,113.0,205.0
133,10128.0,9973.0,209261.0,27711.0,11412.0,1048.0,25528.0,13545.0,171887.0,22960.0,9299.0,1843.0,90.0,205.0
134,2123.0,2853.0,162176.0,19764.0,5984.0,266.0,10860.0,5233.0,137420.0,16205.0,4907.0,567.0,70.0,205.0
135,0.0,1475.0,138537.0,16214.0,6562.0,0.0,8006.0,2369.0,113790.0,13612.0,4945.0,524.0,73.0,205.0
136,0.0,3203.0,115556.0,13594.0,9072.0,0.0,23794.0,4381.0,90567.0,10414.0,6034.0,273.0,136.0,205.0
137,0.0,4791.0,94453.0,12362.0,5018.0,320.0,15052.0,6340.0,79796.0,10826.0,4370.0,682.0,84.0,207.0
138,4704.0,1993.0,83140.0,9768.0,3326.0,0.0,13026.0,3878.0,70965.0,7942.0,2502.0,434.0,73.0,207.0
139,495.0,445.0,91376.0,11257.0,3842.0,0.0,16082.0,2294.0,77400.0,8903.0,3493.0,265.0,71.0,207.0
140,9674.0,3572.0,94419.0,13144.0,6821.0,237.0,23442.0,5629.0,76651.0,10634.0,5282.0,835.0,129.0,208.0
141,0.0,2977.0,217743.0,24828.0,6691.0,1179.0,11130.0,5682.0,184305.0,20876.0,5156.0,2069.0,75.0,208.0
142,0.0,0.0,38880.0,4757.0,1392.0,309.0,10001.0,858.0,33475.0,3866.0,1891.0,332.0,52.0,209.0
143,3231.0,932.0,71329.0,8701.0,2731.0,761.0,22482.0,1434.0,59074.0,7098.0,1661.0,748.0,85.0,209.0
144,3691.0,635.0,78710.0,11509.0,5358.0,17.0,14669.0,1620.0,65673.0,9322.0,4080.0,143.0,73.0,209.0
145,1895.0,1529.0,62038.0,8033.0,3693.0,225.0,16124.0,2091.0,53874.0,6751.0,3208.0,329.0,57.0,210.0
146,3971.0,1974.0,314635.0,41286.0,16712.0,0.0,13144.0,4577.0,259453.0,33596.0,13777.0,1178.0,108.0,210.0
147,2192.0,1751.0,110374.0,13646.0,4891.0,0.0,17436.0,3326.0,94977.0,11443.0,4120.0,586.0,90.0,211.0
148,0.0,1180.0,43037.0,5090.0,1443.0,0.0,8545.0,2019.0,37457.0,4163.0,833.0,188.0,63.0,211.0
149,8990.0,5810.0,164042.0,19711.0,13087.0,145.0,21160.0,8261.0,137984.0,16272.0,9701.0,1038.0,127.0,211.0
150,824.0,266.0,64562.0,8488.0,3081.0,0.0,19507.0,2314.0,50512.0,6375.0,3188.0,239.0,124.0,211.0
151,0.0,1223.0,78060.0,8983.0,2745.0,736.0,17052.0,1916.0,63852.0,7012.0,2396.0,797.0,54.0,211.0
152,8690.0,2731.0,172246.0,20874.0,8166.0,228.0,18709.0,4190.0,140283.0,16894.0,6172.0,1199.0,113.0,212.0
153,2697.0,904.0,26820.0,4240.0,2476.0,103.0,22615.0,1599.0,23543.0,3541.0,2383.0,324.0,49.0,212.0
154,8666.0,5117.0,124017.0,16351.0,5716.0,0.0,15650.0,6667.0,99211.0,13003.0,4430.0,642.0,84.0,213.0
155,6449.0,8543.0,128308.0,19964.0,14383.0,0.0,24684.0,10424.0,103414.0,15935.0,12705.0,760.0,71.0,213.0
156,1147.0,1024.0,233977.0,27404.0,8557.0,0.0,20409.0,2623.0,192019.0,22432.0,7723.0,914.0,118.0,213.0
157,13989.0,2323.0,215818.0,25766.0,7700.0,0.0,33777.0,3177.0,175058.0,21305.0,7051.0,344.0,92.0,213.0
158,7690.0,792.0,156084.0,18162.0,7313.0,0.0,17948.0,2506.0,131628.0,15454.0,5475.0,167.0,75.0,213.0
159,26021.0,1388.0,361067.0,50320.0,21375.0,1396.0,52377.0,4251.0,287243.0,40266.0,18046.0,1547.0,156.0,214.0
160,6534.0,3088.0,192607.0,21497.0,7415.0,0.0,14859.0,4736.0,159000.0,18105.0,7014.0,547.0,52.0,216.0
161,2253.0,2626.0,86324.0,9488.0,3884.0,55.0,12582.0,4061.0,74554.0,8085.0,3305.0,421.0,67.0,216.0
162,5937.0,1341.0,174542.0,23051.0,9992.0,296.0,26149.0,2532.0,146273.0,19818.0,7317.0,807.0,71.0,216.0
163,1832.0,1099.0,83232.0,10034.0,3807.0,103.0,18511.0,2311.0,68732.0,8342.0,2639.0,352.0,72.0,217.0
164,0.0,2692.0,69395.0,7973.0,3040.0,160.0,16257.0,2658.0,58104.0,6453.0,3313.0,427.0,72.0,218.0
165,6120.0,2392.0,180206.0,21436.0,8491.0,0.0,14043.0,2257.0,147172.0,17286.0,5358.0,1250.0,109.0,218.0
166,42.0,790.0,96806.0,11966.0,4620.0,332.0,19291.0,1324.0,79466.0,9490.0,3840.0,437.0,76.0,218.0
167,5803.0,2644.0,103753.0,15269.0,6690.0,0.0,17252.0,4708.0,83697.0,12189.0,6143.0,257.0,72.0,218.0
168,4865.0,4213.0,83539.0,11353.0,6582.0,423.0,13399.0,7188.0,75304.0,9769.0,5509.0,579.0,71.0,218.0
169,20502.0,3233.0,176599.0,22537.0,8391.0,1870.0,22850.0,2446.0,135672.0,17125.0,6971.0,1278.0,140.0,219.0
170,30705.0,11761.0,259490.0,31311.0,11635.0,0.0,62139.0,15070.0,208205.0,25282.0,8503.0,596.0,131.0,219.0
171,12747.0,295.0,86216.0,10145.0,2998.0,0.0,18122.0,1391.0,67493.0,7579.0,1831.0,154.0,107.0,219.0
172,0.0,1554.0,89551.0,10314.0,3347.0,100.0,12169.0,1903.0,74650.0,8682.0,1999.0,271.0,69.0,220.0
173,3503.0,722.0,84799.0,10116.0,4182.0,0.0,20809.0,1711.0,71277.0,7868.0,4604.0,17.0,72.0,220.0
174,2280.0,662.0,136629.0,17248.0,4921.0,0.0,12715.0,1581.0,97123.0,11709.0,2770.0,373.0,150.0,220.0
175,0.0,997.0,162002.0,18066.0,5477.0,1001.0,16625.0,3127.0,128739.0,14500.0,3433.0,755.0,130.0,221.0
176,85467.0,7751.0,906220.0,103145.0,46674.0,0.0,156653.0,10530.0,709375.0,81685.0,38566.0,2352.0,158.0,221.0
177,0.0,752.0,103748.0,12814.0,5733.0,0.0,13808.0,2584.0,85308.0,10439.0,4190.0,54.0,72.0,222.0
178,8997.0,1699.0,175835.0,21513.0,5621.0,0.0,22690.0,2585.0,149112.0,17401.0,4535.0,150.0,71.0,222.0
179,243.0,255.0,90353.0,10987.0,4700.0,662.0,6380.0,1302.0,76856.0,9354.0,4136.0,976.0,54.0,222.0
180,9426.0,4054.0,135209.0,17054.0,6343.0,454.0,26536.0,6193.0,115432.0,14706.0,3922.0,783.0,68.0,224.0
181,4483.0,3610.0,270931.0,34173.0,13081.0,734.0,18891.0,4722.0,215715.0,27171.0,9952.0,1044.0,142.0,224.0
182,1498.0,1311.0,157672.0,18321.0,8378.0,606.0,14991.0,2423.0,136225.0,15720.0,7652.0,1612.0,69.0,224.0
183,208.0,1488.0,75134.0,10055.0,3672.0,363.0,23388.0,2371.0,60454.0,7492.0,3847.0,471.0,70.0,224.0
184,449.0,847.0,85968.0,11014.0,4188.0,360.0,13733.0,2013.0,75969.0,9528.0,4693.0,297.0,52.0,225.0
185,987.0,1934.0,198295.0,19762.0,7866.0,354.0,14460.0,2902.0,158327.0,15294.0,6187.0,450.0,74.0,225.0
186,0.0,784.0,94324.0,12652.0,4289.0,0.0,3998.0,1961.0,79403.0,10790.0,3438.0,236.0,51.0,225.0
187,0.0,459.0,114440.0,13511.0,5650.0,368.0,17548.0,1258.0,91899.0,10808.0,4022.0,429.0,77.0,225.0
188,7343.0,430.0,80096.0,15072.0,4778.0,0.0,29919.0,1767.0,65832.0,11860.0,4056.0,134.0,84.0,226.0
189,1372.0,6176.0,256981.0,30557.0,11208.0,269.0,20190.0,7171.0,192748.0,22488.0,8752.0,509.0,127.0,226.0
190,8973.0,6817.0,295466.0,36006.0,13367.0,0.0,21750.0,11382.0,244723.0,30132.0,11688.0,690.0,111.0,226.0
191,9266.0,2226.0,97449.0,12563.0,5060.0,713.0,20530.0,3070.0,80004.0,9850.0,4099.0,1149.0,69.0,226.0
192,0.0,0.0,48473.0,5551.0,1072.0,746.0,11356.0,1101.0,38913.0,4543.0,1321.0,917.0,74.0,227.0
193,6379.0,1387.0,157890.0,23138.0,10797.0,0.0,23655.0,3913.0,131052.0,18267.0,10857.0,723.0,77.0,227.0
194,5045.0,995.0,100483.0,14501.0,5334.0,499.0,11650.0,3299.0,84147.0,12096.0,4870.0,658.0,70.0,228.0
195,3164.0,2294.0,64785.0,7226.0,2662.0,154.0,11651.0,4002.0,55446.0,6398.0,1957.0,196.0,53.0,229.0
196,392.0,1560.0,140779.0,13357.0,8121.0,252.0,17254.0,3828.0,107057.0,10045.0,8634.0,518.0,155.0,229.0
197,749.0,1701.0,130881.0,16679.0,4447.0,0.0,15678.0,2660.0,111015.0,13921.0,4649.0,380.0,56.0,229.0
198,10516.0,2826.0,155106.0,22668.0,9951.0,58.0,21426.0,4677.0,128351.0,18962.0,8770.0,266.0,76.0,230.0
199,4906.0,1118.0,70594.0,8925.0,3028.0,480.0,12527.0,1555.0,57155.0,7194.0,2318.0,1025.0,54.0,230.0
200,2082.0,1306.0,151308.0,17576.0,7423.0,535.0,14933.0,2701.0,122810.0,13506.0,5212.0,445.0,141.0,230.0
201,8640.0,3546.0,61870.0,9769.0,5546.0,0.0,26504.0,5521.0,56139.0,8209.0,6189.0,278.0,55.0,231.0
202,0.0,828.0,57976.0,6392.0,2300.0,151.0,5937.0,2084.0,49403.0,5397.0,2383.0,170.0,67.0,231.0
203,7275.0,1829.0,52214.0,6507.0,2527.0,0.0,16106.0,2716.0,40217.0,5141.0,2246.0,136.0,55.0,231.0
204,7395.0,3779.0,89035.0,9845.0,4600.0,411.0,15336.0,4922.0,75303.0,8278.0,4728.0,692.0,102.0,232.0
205,0.0,1556.0,71007.0,9152.0,3989.0,20.0,14620.0,2348.0,56773.0,7486.0,3901.0,777.0,52.0,232.0
206,3688.0,1412.0,48202.0,5872.0,1981.0,412.0,14454.0,3177.0,40517.0,4322.0,1519.0,769.0,69.0,232.0
207,8618.0,918.0,59573.0,6982.0,2264.0,0.0,16579.0,2157.0,50670.0,5955.0,1875.0,239.0,78.0,233.0
208,0.0,609.0,182110.0,18618.0,6255.0,805.0,14212.0,1330.0,153361.0,15650.0,4828.0,923.0,88.0,233.0
209,0.0,1081.0,103191.0,12595.0,6650.0,781.0,11970.0,2148.0,83038.0,9867.0,5323.0,843.0,71.0,233.0
210,6836.0,1265.0,59664.0,6891.0,2475.0,703.0,18884.0,2416.0,49599.0,5676.0,2893.0,382.0,71.0,233.0
211,0.0,0.0,59168.0,7399.0,3343.0,0.0,4330.0,642.0,48536.0,6215.0,2744.0,314.0,57.0,233.0
212,29908.0,1106.0,304228.0,35395.0,13240.0,465.0,55446.0,3005.0,250056.0,29399.0,9897.0,823.0,73.0,234.0
213,0.0,6500.0,119344.0,14574.0,6192.0,321.0,11238.0,10200.0,93529.0,11443.0,4656.0,632.0,93.0,234.0
214,6702.0,946.0,216835.0,27222.0,7316.0,0.0,14614.0,2254.0,179326.0,22505.0,7463.0,337.0,76.0,235.0
215,4126.0,0.0,81425.0,9430.0,2856.0,0.0,23118.0,780.0,67247.0,7901.0,1761.0,351.0,85.0,235.0
216,0.0,2272.0,59052.0,7707.0,3271.0,218.0,11925.0,3022.0,49561.0,6235.0,2876.0,484.0,73.0,236.0
217,4634.0,702.0,31676.0,4565.0,2895.0,0.0,23204.0,1819.0,28006.0,4127.0,3071.0,57.0,49.0,237.0
218,0.0,2199.0,103396.0,13000.0,4817.0,0.0,11568.0,2673.0,84879.0,10164.0,3794.0,143.0,72.0,237.0
219,3576.0,710.0,50537.0,6184.0,1824.0,477.0,9177.0,1371.0,43018.0,4894.0,1841.0,660.0,53.0,238.0
220,0.0,137.0,124662.0,15023.0,5057.0,0.0,9674.0,1100.0,97272.0,11991.0,4080.0,292.0,82.0,238.0
221,3153.0,1830.0,67469.0,7857.0,3925.0,609.0,10105.0,3243.0,54484.0,6113.0,2726.0,668.0,75.0,238.0
222,9963.0,2542.0,113092.0,13796.0,3796.0,0.0,17948.0,2945.0,90170.0,10378.0,3117.0,113.0,144.0,239.0
223,6348.0,6353.0,203026.0,24878.0,7443.0,104.0,20234.0,9800.0,170821.0,20824.0,6355.0,883.0,56.0,239.0
224,0.0,1519.0,55930.0,6396.0,3132.0,811.0,11038.0,2074.0,47073.0,5281.0,2451.0,1021.0,53.0,239.0
225,1444.0,449.0,78599.0,10136.0,3584.0,0.0,13366.0,1310.0,65117.0,8310.0,2880.0,276.0,70.0,239.0
226,3041.0,730.0,155604.0,17558.0,6862.0,435.0,15599.0,1504.0,129237.0,14418.0,5387.0,757.0,73.0,240.0
227,0.0,938.0,60774.0,8376.0,2384.0,474.0,12411.0,2304.0,46822.0,6290.0,1809.0,540.0,71.0,240.0
228,12601.0,3967.0,207037.0,24991.0,9944.0,1185.0,27532.0,4251.0,168979.0,20334.0,8781.0,968.0,92.0,241.0
229,11664.0,9797.0,304577.0,36996.0,14435.0,837.0,20865.0,10642.0,242818.0,28836.0,11351.0,757.0,133.0,241.0
230,9487.0,860.0,153310.0,18108.0,6252.0,0.0,16213.0,2212.0,126563.0,14270.0,5899.0,295.0,92.0,242.0
231,2463.0,1917.0,45362.0,4849.0,1782.0,505.0,12498.0,2105.0,36367.0,3838.0,1732.0,744.0,68.0,242.0
232,664.0,1818.0,77368.0,9360.0,3426.0,0.0,21811.0,2000.0,60296.0,6972.0,2503.0,451.0,134.0,242.0
233,14446.0,1008.0,131571.0,19336.0,9646.0,0.0,18048.0,1605.0,103180.0,15076.0,8317.0,446.0,102.0,242.0
234,0.0,1260.0,81214.0,11601.0,5219.0,179.0,19662.0,1764.0,64922.0,8624.0,3413.0,704.0,121.0,243.0
235,17645.0,10431.0,297615.0,37356.0,14772.0,0.0,31754.0,13100.0,221304.0,26730.0,10338.0,954.0,147.0,243.0
236,0.0,719.0,104428.0,12828.0,4087.0,25.0,7577.0,1753.0,80307.0,9771.0,3229.0,378.0,76.0,243.0
237,5987.0,6137.0,99308.0,12230.0,4962.0,160.0,11975.0,8894.0,84356.0,10242.0,3736.0,444.0,55.0,244.0
238,4922.0,989.0,100995.0,11361.0,5318.0,193.0,14612.0,2068.0,77114.0,8818.0,3617.0,191.0,126.0,244.0
239,0.0,1486.0,90505.0,12857.0,6392.0,7.0,11010.0,2707.0,71043.0,9786.0,5475.0,589.0,71.0,245.0
240,1847.0,3904.0,107678.0,11155.0,4932.0,167.0,16581.0,4797.0,90572.0,9288.0,3990.0,622.0,119.0,245.0
241,0.0,391.0,104304.0,13729.0,7411.0,538.0,13115.0,2281.0,83937.0,10753.0,6147.0,916.0,70.0,245.0
242,0.0,344.0,80789.0,11532.0,6049.0,372.0,19132.0,2195.0,66743.0,9001.0,5733.0,253.0,125.0,246.0
243,8810.0,5113.0,142736.0,21180.0,10174.0,811.0,18434.0,6774.0,115138.0,17110.0,10208.0,1375.0,96.0,246.0
244,16747.0,2566.0,185127.0,22158.0,6920.0,492.0,15508.0,2203.0,148197.0,18259.0,5318.0,1298.0,148.0,246.0
245,1747.0,4533.0,64972.0,7935.0,2662.0,0.0,15360.0,4889.0,52426.0,6303.0,2029.0,277.0,75.0,246.0
246,1563.0,3306.0,243403.0,29132.0,10319.0,604.0,15163.0,2527.0,204439.0,23898.0,8666.0,722.0,114.0,246.0
247,11955.0,1249.0,198483.0,23556.0,12411.0,281.0,25767.0,3424.0,163304.0,18593.0,10158.0,587.0,134.0,247.0
248,1708.0,1644.0,117440.0,14133.0,5173.0,668.0,7905.0,2333.0,94528.0,11756.0,4160.0,559.0,82.0,247.0
249,7535.0,1630.0,36627.0,6511.0,2777.0,0.0,22648.0,2766.0,31787.0,5317.0,2332.0,207.0,53.0,247.0
250,6973.0,1612.0,131322.0,15012.0,6313.0,0.0,20156.0,2974.0,104100.0,12068.0,5850.0,448.0,93.0,247.0
251,361.0,1144.0,101289.0,11077.0,2410.0,0.0,13528.0,1567.0,88335.0,9511.0,2373.0,526.0,82.0,248.0
252,0.0,583.0,99615.0,11783.0,4846.0,0.0,8534.0,2641.0,80269.0,9334.0,4153.0,785.0,135.0,248.0
253,32.0,713.0,84784.0,9845.0,3552.0,739.0,11283.0,1528.0,69810.0,8068.0,2602.0,594.0,74.0,248.0
254,637.0,110.0,112292.0,13079.0,4402.0,568.0,11722.0,1264.0,95419.0,11383.0,3850.0,794.0,91.0,248.0
255,822.0,85.0,105744.0,12061.0,3826.0,468.0,13499.0,705.0,84547.0,9616.0,3441.0,1171.0,71.0,249.0
256,0.0,1983.0,170917.0,18088.0,5458.0,646.0,13136.0,2688.0,131340.0,13276.0,4257.0,1029.0,136.0,249.0
257,0.0,0.0,82154.0,10572.0,4068.0,37.0,4300.0,2474.0,68059.0,8057.0,2888.0,329.0,77.0,249.0
258,0.0,0.0,33145.0,4336.0,594.0,381.0,9042.0,329.0,27672.0,3761.0,1389.0,739.0,49.0,250.0
259,708.0,1079.0,55449.0,7043.0,2938.0,0.0,21632.0,2997.0,44409.0,5508.0,2456.0,162.0,68.0,250.0
260,1055.0,246.0,77680.0,9288.0,3360.0,1071.0,10359.0,1363.0,63791.0,7503.0,3065.0,1078.0,70.0,250.0
261,8442.0,441.0,53009.0,6689.0,2395.0,68.0,13174.0,1761.0,43795.0,5321.0,2173.0,482.0,70.0,251.0
262,0.0,0.0,100500.0,12288.0,4973.0,0.0,18691.0,1642.0,79209.0,9687.0,4349.0,130.0,69.0,252.0
263,1461.0,2526.0,122696.0,16883.0,6245.0,200.0,17580.0,3081.0,103535.0,13603.0,5727.0,553.0,70.0,252.0
264,0.0,2966.0,75219.0,8999.0,2322.0,453.0,15645.0,5106.0,63560.0,7238.0,1414.0,677.0,65.0,252.0
265,0.0,265.0,86766.0,10317.0,4495.0,0.0,18354.0,1808.0,69839.0,8232.0,4079.0,247.0,70.0,253.0
266,3079.0,2338.0,160225.0,19656.0,6393.0,0.0,20601.0,3625.0,135254.0,16182.0,5435.0,237.0,92.0,253.0
267,0.0,1331.0,38968.0,5840.0,4054.0,459.0,5197.0,2512.0,32560.0,4978.0,3756.0,594.0,65.0,254.0
268,182.0,3594.0,159853.0,17845.0,5194.0,40.0,19936.0,3481.0,122656.0,13334.0,3965.0,1177.0,145.0,254.0
269,0.0,2932.0,299355.0,35507.0,11374.0,0.0,16610.0,5406.0,232814.0,28607.0,9609.0,608.0,129.0,254.0
270,21624.0,1412.0,181608.0,23307.0,5544.0,725.0,35999.0,3027.0,149997.0,19123.0,6142.0,989.0,73.0,254.0
271,4444.0,0.0,116262.0,13667.0,4123.0,17.0,12011.0,1653.0,93471.0,10798.0,3674.0,397.0,90.0,254.0
272,7906.0,935.0,41150.0,6155.0,3221.0,287.0,19823.0,2518.0,33828.0,4894.0,2510.0,557.0,49.0,254.0
273,4310.0,1597.0,108426.0,13089.0,4034.0,0.0,17003.0,2553.0,90681.0,10361.0,2699.0,160.0,75.0,255.0
274,0.0,145.0,71410.0,8085.0,2706.0,582.0,8172.0,1943.0,62378.0,6530.0,2049.0,943.0,68.0,255.0
275,9041.0,3561.0,105304.0,14473.0,7899.0,0.0,29941.0,2634.0,83829.0,11023.0,5462.0,277.0,132.0,256.0
276,32039.0,14010.0,502923.0,55095.0,18616.0,0.0,63628.0,21855.0,412774.0,45123.0,14689.0,740.0,94.0,256.0
277,2038.0,2468.0,267863.0,31091.0,10172.0,0.0,20219.0,3820.0,210853.0,24637.0,7730.0,329.0,113.0,256.0
278,0.0,290.0,61578.0,8038.0,2653.0,0.0,6232.0,1488.0,51844.0,6292.0,1786.0,435.0,74.0,257.0
279,6734.0,14329.0,310046.0,38819.0,12195.0,414.0,35644.0,24845.0,253709.0,31754.0,10095.0,929.0,112.0,257.0
280,0.0,0.0,101709.0,12019.0,4391.0,392.0,9557.0,326.0,80798.0,9742.0,3714.0,423.0,54.0,257.0
281,805.0,1057.0,73276.0,8790.0,3237.0,53.0,21465.0,2635.0,63529.0,7408.0,2449.0,700.0,79.0,257.0
282,4637.0,1388.0,164059.0,19157.0,5489.0,0.0,25481.0,3457.0,132286.0,14775.0,4638.0,1041.0,77.0,257.0
283,0.0,1593.0,156666.0,19155.0,6395.0,0.0,15581.0,2271.0,126740.0,14385.0,4645.0,281.0,127.0,257.0
284,5561.0,3004.0,91628.0,12595.0,4935.0,155.0,15417.0,5767.0,74300.0,10006.0,3120.0,289.0,53.0,257.0
285,9112.0,1761.0,85404.0,12528.0,4743.0,0.0,32559.0,2537.0,67923.0,10210.0,3554.0,368.0,54.0,258.0
286,0.0,3804.0,87014.0,9210.0,3808.0,0.0,10535.0,6389.0,73171.0,7628.0,3784.0,161.0,73.0,258.0
287,645.0,0.0,72822.0,8957.0,3808.0,0.0,11461.0,1721.0,60198.0,7096.0,2938.0,218.0,69.0,258.0
288,0.0,672.0,28163.0,4443.0,2420.0,418.0,12234.0,1295.0,24608.0,3531.0,1739.0,474.0,50.0,258.0
289,4160.0,0.0,122094.0,14824.0,4630.0,0.0,15090.0,1346.0,100487.0,12235.0,3939.0,320.0,128.0,259.0
290,12339.0,2237.0,158778.0,18894.0,6518.0,656.0,22010.0,3306.0,131648.0,15688.0,5963.0,705.0,91.0,259.0
291,609.0,291.0,80362.0,9548.0,3495.0,116.0,7925.0,2177.0,66045.0,7735.0,2587.0,590.0,73.0,259.0
292,1769.0,1174.0,101573.0,13747.0,6466.0,0.0,8734.0,2328.0,81838.0,10971.0,5843.0,636.0,71.0,259.0
293,4419.0,1606.0,60343.0,7235.0,3555.0,398.0,11875.0,1955.0,49048.0,5879.0,2896.0,642.0,55.0,260.0
294,480.0,523.0,101810.0,13732.0,5205.0,0.0,13982.0,2371.0,80278.0,10813.0,4971.0,791.0,131.0,260.0
295,2570.0,1742.0,98223.0,13771.0,5631.0,781.0,16439.0,3497.0,84575.0,12059.0,4298.0,733.0,55.0,260.0
296,17976.0,5207.0,221572.0,27701.0,9435.0,0.0,38667.0,9141.0,189075.0,23307.0,7826.0,510.0,93.0,260.0
297,0.0,1273.0,91772.0,11710.0,3903.0,0.0,17510.0,2916.0,71548.0,8899.0,2515.0,358.0,76.0,261.0
298,0.0,0.0,42038.0,6241.0,3119.0,0.0,6544.0,1671.0,35019.0,4763.0,3390.0,523.0,69.0,262.0
299,0.0,0.0,100370.0,11567.0,4229.0,49.0,14653.0,1688.0,75254.0,8867.0,2688.0,347.0,131.0,262.0
300,11824.0,2210.0,147543.0,18619.0,9877.0,0.0,23799.0,2983.0,122775.0,14833.0,6818.0,743.0,75.0,262.0
301,2085.0,1126.0,94345.0,13959.0,5592.0,272.0,18488.0,2598.0,75132.0,11086.0,5256.0,736.0,70.0,262.0
302,2342.0,2902.0,107544.0,12885.0,4716.0,475.0,25936.0,5192.0,88107.0,10395.0,4574.0,776.0,73.0,263.0
303,10163.0,1805.0,101874.0,10803.0,5297.0,0.0,29371.0,4488.0,87592.0,9360.0,3858.0,109.0,72.0,263.0
304,4243.0,1193.0,139306.0,21506.0,8388.0,0.0,16851.0,2622.0,117609.0,17359.0,6679.0,177.0,75.0,263.0
305,1963.0,700.0,53519.0,9670.0,3621.0,0.0,11586.0,3132.0,41814.0,7301.0,2634.0,322.0,90.0,263.0
306,14397.0,711.0,88346.0,10215.0,4284.0,0.0,34693.0,1509.0,72691.0,7929.0,3747.0,123.0,71.0,264.0
307,2028.0,576.0,128979.0,15371.0,4556.0,145.0,18461.0,3106.0,103591.0,12332.0,3978.0,290.0,131.0,265.0
308,4020.0,654.0,76465.0,8807.0,2447.0,0.0,17827.0,2192.0,63444.0,7009.0,1625.0,267.0,126.0,265.0
309,0.0,1505.0,61814.0,7443.0,2421.0,0.0,6120.0,3810.0,50704.0,6289.0,2257.0,403.0,50.0,265.0
310,0.0,0.0,78859.0,9976.0,4872.0,0.0,8852.0,1662.0,67012.0,8158.0,3101.0,308.0,71.0,265.0
311,337.0,231.0,80950.0,10023.0,2993.0,535.0,14726.0,1461.0,67722.0,8108.0,2983.0,601.0,71.0,265.0
312,0.0,3216.0,140279.0,15859.0,4906.0,0.0,17634.0,4188.0,114361.0,13125.0,4030.0,406.0,145.0,265.0
313,13935.0,2116.0,142928.0,17608.0,7811.0,532.0,17711.0,2799.0,111292.0,13775.0,7226.0,681.0,117.0,266.0
314,1579.0,1338.0,267571.0,32027.0,9167.0,0.0,12362.0,1941.0,212041.0,25016.0,7909.0,357.0,136.0,266.0
315,0.0,0.0,142060.0,17182.0,5677.0,486.0,14726.0,1492.0,115040.0,13542.0,4452.0,528.0,113.0,266.0
316,3813.0,1445.0,120102.0,14926.0,7839.0,1219.0,7789.0,2216.0,95251.0,11000.0,6637.0,941.0,91.0,266.0
317,5607.0,6001.0,148907.0,17477.0,8280.0,1856.0,17326.0,8511.0,114348.0,13062.0,7145.0,1789.0,149.0,266.0
318,5402.0,471.0,32264.0,4259.0,1886.0,763.0,16986.0,1894.0,27793.0,3580.0,1217.0,531.0,53.0,267.0
319,0.0,0.0,44232.0,6195.0,2837.0,91.0,5740.0,898.0,35695.0,4699.0,2432.0,387.0,53.0,267.0
320,10164.0,2987.0,140120.0,16181.0,3406.0,377.0,21659.0,4102.0,110777.0,13219.0,3335.0,832.0,90.0,267.0
321,36269.0,16833.0,407819.0,51123.0,17696.0,0.0,68250.0,22767.0,336361.0,41144.0,12555.0,1191.0,176.0,267.0
322,705.0,1092.0,113519.0,14034.0,5239.0,1198.0,12426.0,2207.0,84853.0,11042.0,5152.0,875.0,132.0,267.0
323,2449.0,3298.0,65052.0,8241.0,3638.0,240.0,19183.0,4728.0,57032.0,6636.0,3185.0,443.0,73.0,268.0
324,8691.0,5266.0,158386.0,18509.0,8537.0,0.0,26261.0,6849.0,125337.0,14281.0,6103.0,189.0,133.0,268.0
325,276.0,104.0,114666.0,15259.0,4551.0,157.0,8336.0,1585.0,95226.0,12612.0,3145.0,370.0,75.0,268.0
326,0.0,2845.0,90423.0,9962.0,3526.0,200.0,13976.0,4418.0,76236.0,8251.0,4225.0,394.0,72.0,269.0
327,0.0,80.0,59936.0,7172.0,2896.0,0.0,20606.0,1669.0,46515.0,5459.0,2146.0,214.0,126.0,269.0
328,0.0,5338.0,109417.0,11053.0,4041.0,534.0,14371.0,8636.0,89012.0,8829.0,3666.0,528.0,71.0,269.0
329,1815.0,1128.0,178131.0,22426.0,6818.0,606.0,11486.0,2012.0,142671.0,17886.0,5137.0,842.0,90.0,270.0
330,6178.0,225.0,362633.0,43764.0,13794.0,0.0,21299.0,1737.0,299516.0,35482.0,11598.0,566.0,114.0,271.0
331,583.0,29.0,59858.0,8006.0,3521.0,19.0,24271.0,1131.0,50272.0,6722.0,2820.0,418.0,69.0,271.0
332,4980.0,2960.0,153346.0,17525.0,4593.0,130.0,22206.0,5868.0,127454.0,14474.0,3832.0,446.0,73.0,271.0
333,347.0,383.0,78609.0,8758.0,2978.0,203.0,12689.0,1955.0,66814.0,7345.0,1858.0,859.0,56.0,271.0
334,677.0,3386.0,117506.0,12288.0,5486.0,116.0,15608.0,5744.0,91149.0,8865.0,5059.0,373.0,147.0,273.0
335,262.0,0.0,89544.0,10542.0,3267.0,121.0,9748.0,1099.0,73689.0,8995.0,2762.0,532.0,89.0,273.0
336,20009.0,5122.0,289862.0,42933.0,21639.0,2638.0,33997.0,6024.0,207218.0,30686.0,15565.0,2579.0,117.0,273.0
337,5800.0,5812.0,101085.0,11106.0,3903.0,86.0,18746.0,8732.0,83232.0,9337.0,3509.0,478.0,54.0,273.0
338,5606.0,2483.0,186209.0,23511.0,9932.0,384.0,17692.0,3248.0,141631.0,18374.0,8120.0,842.0,99.0,273.0
339,4218.0,656.0,123958.0,16530.0,7688.0,0.0,19444.0,1265.0,100515.0,13983.0,5184.0,762.0,73.0,274.0
340,5303.0,2760.0,78940.0,8838.0,3750.0,650.0,10926.0,3914.0,69233.0,8110.0,3689.0,458.0,69.0,274.0
341,6069.0,7212.0,195113.0,26143.0,9320.0,0.0,16980.0,11769.0,163648.0,21687.0,8039.0,607.0,74.0,275.0
342,2535.0,1985.0,168436.0,19449.0,5765.0,0.0,13993.0,4094.0,141900.0,16803.0,5074.0,275.0,71.0,275.0
343,10850.0,1791.0,58985.0,8555.0,3396.0,363.0,25970.0,3024.0,51513.0,7440.0,3046.0,302.0,73.0,275.0
344,0.0,3219.0,61898.0,7180.0,3285.0,0.0,19446.0,4651.0,52839.0,6482.0,2319.0,223.0,73.0,276.0
345,7344.0,1783.0,72714.0,8865.0,3394.0,466.0,19015.0,2940.0,60742.0,7122.0,2642.0,439.0,70.0,276.0
346,8753.0,1982.0,182578.0,20183.0,8674.0,1859.0,24996.0,2903.0,146236.0,15625.0,6820.0,1663.0,131.0,277.0
347,1266.0,6991.0,179434.0,29298.0,13431.0,0.0,32838.0,10254.0,142654.0,23913.0,11912.0,367.0,75.0,277.0
348,4724.0,1253.0,154233.0,20298.0,7478.0,650.0,21257.0,2513.0,121964.0,15788.0,5424.0,1242.0,131.0,277.0
349,929.0,834.0,72580.0,9171.0,2598.0,32.0,9205.0,1858.0,60753.0,7566.0,2776.0,198.0,53.0,278.0
350,7591.0,2371.0,99268.0,14962.0,5106.0,19.0,21478.0,3069.0,82300.0,12583.0,5525.0,225.0,72.0,278.0
351,7467.0,3048.0,117186.0,13809.0,4709.0,0.0,11855.0,3563.0,94263.0,11368.0,4784.0,267.0,76.0,279.0
352,415.0,3896.0,73908.0,10062.0,4611.0,345.0,11519.0,5419.0,59288.0,8025.0,3817.0,641.0,88.0,279.0
353,11730.0,1241.0,147210.0,17216.0,9425.0,516.0,21008.0,2885.0,117591.0,13739.0,6398.0,768.0,116.0,279.0
354,2612.0,110.0,67035.0,7702.0,1928.0,50.0,21359.0,1201.0,55032.0,6286.0,1150.0,428.0,51.0,279.0
355,0.0,2007.0,78264.0,9797.0,4109.0,85.0,20836.0,2439.0,66183.0,8049.0,3196.0,155.0,75.0,279.0
356,7133.0,825.0,97267.0,12230.0,3845.0,0.0,16504.0,2561.0,80682.0,9755.0,3456.0,230.0,73.0,279.0
357,9602.0,1789.0,126136.0,13555.0,5327.0,644.0,25325.0,2454.0,98482.0,10716.0,3846.0,1078.0,89.0,280.0
358,3144.0,3377.0,118313.0,14103.0,4784.0,329.0,11575.0,5086.0,91005.0,10774.0,3936.0,817.0,85.0,280.0
359,3556.0,3112.0,142174.0,18989.0,5506.0,1027.0,25683.0,4805.0,117947.0,15474.0,5613.0,1146.0,54.0,280.0
360,4884.0,2395.0,91385.0,10537.0,4729.0,145.0,20696.0,4355.0,71233.0,8815.0,3786.0,309.0,87.0,280.0
361,788.0,5250.0,142929.0,23578.0,16169.0,718.0,26841.0,6572.0,122896.0,19729.0,13729.0,1493.0,74.0,280.0
362,0.0,2422.0,145068.0,18028.0,7776.0,0.0,16655.0,3682.0,114837.0,14513.0,6681.0,276.0,130.0,280.0
363,1257.0,2878.0,90236.0,11620.0,5174.0,140.0,13788.0,5174.0,77013.0,9849.0,5051.0,456.0,53.0,281.0
364,3160.0,3006.0,105313.0,16945.0,8735.0,0.0,19020.0,4829.0,85582.0,13943.0,6750.0,550.0,111.0,281.0
365,1405.0,1704.0,94396.0,11476.0,6098.0,19.0,17814.0,3151.0,72791.0,8691.0,3712.0,370.0,72.0,281.0
366,1995.0,874.0,120278.0,14135.0,3718.0,839.0,21698.0,2555.0,97585.0,11017.0,2628.0,1135.0,74.0,282.0
367,249.0,882.0,72971.0,10591.0,5244.0,0.0,19661.0,1729.0,62482.0,8725.0,3758.0,129.0,70.0,283.0
368,4896.0,5828.0,279157.0,37583.0,13155.0,270.0,26926.0,8541.0,235110.0,31639.0,9950.0,1681.0,90.0,284.0
369,0.0,1595.0,162416.0,17123.0,8689.0,0.0,16041.0,2849.0,135252.0,13800.0,6826.0,295.0,114.0,284.0
370,563.0,858.0,172805.0,20077.0,4849.0,0.0,20650.0,3553.0,141261.0,15687.0,3968.0,218.0,126.0,284.0
371,6003.0,4661.0,99915.0,16175.0,10482.0,67.0,27106.0,3538.0,76098.0,11799.0,6831.0,432.0,124.0,284.0
372,3301.0,4830.0,136786.0,19362.0,11006.0,457.0,24854.0,7518.0,108586.0,15911.0,7948.0,784.0,75.0,284.0
373,5973.0,8474.0,150765.0,19005.0,5459.0,0.0,12869.0,11793.0,119798.0,15060.0,4448.0,238.0,89.0,285.0
374,13662.0,2839.0,171285.0,22177.0,9418.0,0.0,27629.0,4157.0,134051.0,16817.0,7623.0,681.0,117.0,286.0
375,3637.0,3536.0,153284.0,16703.0,5779.0,474.0,16639.0,3116.0,129491.0,13589.0,5407.0,439.0,128.0,286.0
376,1376.0,2662.0,88901.0,10976.0,4824.0,679.0,9967.0,2983.0,73918.0,9009.0,3452.0,693.0,121.0,287.0
377,5667.0,2886.0,113468.0,14558.0,6568.0,543.0,13169.0,3865.0,94784.0,11860.0,6569.0,699.0,72.0,287.0
378,0.0,953.0,138444.0,16939.0,5920.0,152.0,11419.0,3156.0,107446.0,12945.0,4432.0,486.0,138.0,289.0
379,5324.0,1847.0,209785.0,25732.0,10628.0,0.0,15109.0,2600.0,168044.0,19911.0,9230.0,729.0,75.0,289.0
380,5930.0,3146.0,76602.0,11553.0,5862.0,0.0,18672.0,5483.0,58475.0,9065.0,5006.0,559.0,74.0,289.0
381,37615.0,11531.0,775059.0,100940.0,42323.0,1303.0,59677.0,14813.0,570099.0,75229.0,32736.0,1114.0,172.0,290.0
382,15731.0,1058.0,192599.0,24588.0,8970.0,0.0,22100.0,1804.0,148603.0,18556.0,6898.0,260.0,131.0,291.0
383,1158.0,2417.0,107900.0,14182.0,6549.0,405.0,11985.0,3821.0,94055.0,12180.0,4371.0,225.0,55.0,292.0
384,4303.0,932.0,126855.0,16580.0,5530.0,0.0,15689.0,1918.0,105009.0,13018.0,4328.0,360.0,105.0,292.0
385,5654.0,353.0,151827.0,20243.0,6444.0,0.0,20155.0,1449.0,118678.0,16045.0,5783.0,508.0,93.0,293.0
386,0.0,1358.0,95088.0,13060.0,4618.0,501.0,9360.0,2876.0,76879.0,10270.0,3763.0,544.0,130.0,293.0
387,0.0,318.0,60540.0,7500.0,1868.0,332.0,9036.0,1347.0,51088.0,6265.0,1662.0,519.0,75.0,293.0
388,11812.0,2630.0,167233.0,22301.0,7758.0,0.0,24254.0,4261.0,139938.0,18048.0,4934.0,659.0,111.0,294.0
389,5552.0,2054.0,91481.0,11342.0,3074.0,291.0,21620.0,3249.0,76445.0,9026.0,2672.0,229.0,72.0,294.0
390,8865.0,1205.0,122313.0,14677.0,4490.0,161.0,19967.0,2647.0,99527.0,12092.0,4453.0,246.0,73.0,294.0
391,19197.0,5951.0,366088.0,43422.0,16864.0,0.0,51639.0,8044.0,293027.0,34377.0,10659.0,400.0,170.0,294.0
392,5110.0,7338.0,249118.0,28183.0,9450.0,1226.0,16769.0,10255.0,205983.0,22928.0,8061.0,1613.0,88.0,294.0
393,1206.0,2390.0,198862.0,24415.0,9312.0,255.0,15908.0,3286.0,157986.0,19701.0,7821.0,703.0,133.0,295.0
394,2638.0,2267.0,72543.0,9905.0,3030.0,0.0,10415.0,2455.0,59017.0,8099.0,2933.0,281.0,74.0,295.0
395,11551.0,10582.0,246412.0,24919.0,11862.0,0.0,29182.0,15917.0,199917.0,20205.0,9766.0,316.0,133.0,295.0
396,0.0,2581.0,60951.0,7251.0,2502.0,0.0,10134.0,4145.0,47998.0,5927.0,1882.0,423.0,73.0,295.0
397,12163.0,3621.0,238327.0,26797.0,14712.0,287.0,21027.0,4416.0,187870.0,21147.0,11431.0,1753.0,116.0,295.0
398,0.0,446.0,134181.0,16604.0,4846.0,0.0,14670.0,2360.0,107836.0,12253.0,3616.0,434.0,117.0,296.0
399,6345.0,0.0,65794.0,8235.0,3329.0,324.0,12501.0,1685.0,54242.0,6307.0,2814.0,430.0,84.0,296.0
400,2267.0,165.0,195826.0,31305.0,11751.0,947.0,15703.0,1387.0,167532.0,26432.0,11263.0,1156.0,72.0,296.0
401,8122.0,1376.0,104285.0,13006.0,4145.0,254.0,17215.0,2656.0,81092.0,10414.0,3046.0,372.0,71.0,296.0
402,1742.0,0.0,40558.0,4964.0,1661.0,287.0,11618.0,990.0,35573.0,4425.0,1809.0,932.0,58.0,296.0
403,1596.0,2182.0,154489.0,20267.0,9041.0,219.0,14486.0,2681.0,118757.0,15414.0,7483.0,809.0,123.0,296.0
404,8108.0,1412.0,104205.0,13785.0,5508.0,0.0,18464.0,2737.0,85682.0,11269.0,4310.0,266.0,75.0,297.0
405,3816.0,3804.0,134581.0,15383.0,6291.0,480.0,20458.0,4153.0,107405.0,11885.0,4225.0,304.0,132.0,297.0
406,6823.0,3789.0,127147.0,15348.0,5628.0,0.0,19372.0,3067.0,102780.0,12089.0,4691.0,286.0,133.0,298.0
407,9605.0,1548.0,107005.0,12881.0,4766.0,363.0,28783.0,3784.0,83891.0,9949.0,3755.0,389.0,80.0,298.0
408,39664.0,2970.0,214037.0,24466.0,8308.0,0.0,82689.0,6101.0,178013.0,19977.0,7732.0,642.0,93.0,298.0
409,4779.0,1721.0,113895.0,12910.0,4757.0,579.0,11601.0,3205.0,98875.0,10643.0,3994.0,987.0,70.0,298.0
410,13138.0,7384.0,141249.0,16718.0,5582.0,0.0,18583.0,10214.0,114644.0,13646.0,4565.0,487.0,111.0,298.0
411,6330.0,528.0,118203.0,14607.0,5262.0,125.0,18811.0,1364.0,100965.0,11915.0,3260.0,439.0,90.0,299.0
412,0.0,2250.0,62593.0,7637.0,3446.0,284.0,11156.0,2549.0,48881.0,5714.0,1634.0,369.0,128.0,299.0
413,0.0,1877.0,121928.0,15296.0,6656.0,237.0,15391.0,3605.0,98411.0,11876.0,5091.0,595.0,76.0,299.0
414,0.0,0.0,71078.0,8423.0,3389.0,0.0,13706.0,2112.0,55775.0,6622.0,2443.0,273.0,110.0,299.0
415,0.0,5441.0,116906.0,12732.0,5760.0,0.0,15521.0,9071.0,92533.0,9773.0,4654.0,831.0,69.0,300.0
416,4054.0,6535.0,149390.0,17757.0,4578.0,348.0,23874.0,10187.0,113649.0,13093.0,4760.0,629.0,130.0,301.0
417,0.0,749.0,81716.0,10650.0,3630.0,463.0,8604.0,941.0,69754.0,8503.0,3883.0,812.0,69.0,301.0
418,6134.0,2400.0,68903.0,8717.0,3924.0,0.0,15915.0,2801.0,57977.0,7247.0,3401.0,563.0,52.0,303.0
419,15465.0,2482.0,149982.0,19257.0,7119.0,0.0,16783.0,2500.0,121942.0,15470.0,6683.0,459.0,108.0,303.0
420,1997.0,206.0,47458.0,6284.0,2684.0,0.0,15686.0,1917.0,40200.0,5204.0,1748.0,568.0,68.0,304.0
421,2087.0,476.0,198017.0,22154.0,6488.0,0.0,13525.0,1832.0,157728.0,17836.0,4975.0,90.0,127.0,304.0
422,2126.0,2040.0,66856.0,7616.0,2700.0,393.0,14117.0,5353.0,56369.0,6292.0,1873.0,530.0,83.0,304.0
423,0.0,1305.0,120906.0,14795.0,4740.0,568.0,8454.0,3570.0,98033.0,11984.0,3581.0,816.0,132.0,305.0
424,871.0,2109.0,136251.0,16473.0,5729.0,498.0,13818.0,2875.0,109715.0,13268.0,3996.0,500.0,110.0,305.0
425,2885.0,2278.0,92722.0,10893.0,3454.0,586.0,17609.0,5341.0,73933.0,8730.0,2723.0,904.0,74.0,305.0
426,0.0,7606.0,155475.0,16123.0,5776.0,263.0,16117.0,9800.0,124889.0,13256.0,4961.0,587.0,129.0,305.0
427,2847.0,1540.0,104197.0,13307.0,5575.0,0.0,19382.0,2105.0,87114.0,10426.0,5206.0,593.0,78.0,305.0
428,3117.0,909.0,60674.0,7970.0,3998.0,0.0,16286.0,1096.0,47843.0,6632.0,3958.0,164.0,70.0,306.0
429,7024.0,2201.0,146686.0,16500.0,5634.0,1213.0,16593.0,3739.0,118584.0,12956.0,3672.0,1357.0,72.0,307.0
430,3636.0,1095.0,119054.0,14702.0,5558.0,56.0,19908.0,1817.0,95129.0,11751.0,3612.0,416.0,75.0,307.0
431,800.0,1327.0,68331.0,8126.0,2427.0,279.0,17921.0,3336.0,57487.0,6603.0,1810.0,209.0,71.0,307.0
432,9686.0,4006.0,268294.0,32678.0,11280.0,0.0,29644.0,5856.0,216440.0,26793.0,8304.0,426.0,73.0,307.0
433,0.0,421.0,65402.0,8424.0,3526.0,354.0,6704.0,1278.0,55848.0,6615.0,2336.0,234.0,69.0,308.0
434,0.0,1183.0,114084.0,14438.0,5523.0,40.0,9529.0,2377.0,90469.0,11014.0,3890.0,359.0,129.0,309.0
435,0.0,691.0,81479.0,11192.0,3716.0,0.0,13033.0,2341.0,62997.0,8512.0,3613.0,268.0,128.0,309.0
436,0.0,2389.0,110248.0,14092.0,4799.0,181.0,15975.0,2940.0,90728.0,11348.0,4346.0,440.0,71.0,309.0
437,0.0,3634.0,84903.0,9267.0,3288.0,0.0,7233.0,4747.0,69688.0,7603.0,2481.0,262.0,71.0,310.0
438,6651.0,509.0,118794.0,15625.0,7268.0,0.0,15979.0,1467.0,91412.0,12060.0,5050.0,326.0,143.0,310.0
439,0.0,165.0,56889.0,7197.0,2438.0,154.0,20165.0,1833.0,46158.0,5621.0,2158.0,497.0,51.0,310.0
440,4699.0,2801.0,141661.0,16797.0,7064.0,591.0,15500.0,5166.0,116158.0,13522.0,4950.0,459.0,71.0,310.0
441,5765.0,557.0,37952.0,4575.0,1999.0,0.0,12882.0,1666.0,31477.0,3834.0,1369.0,156.0,51.0,311.0
442,16251.0,0.0,164232.0,19979.0,10356.0,980.0,23406.0,2530.0,128370.0,15785.0,7338.0,1105.0,128.0,311.0
443,12010.0,0.0,90255.0,10722.0,3629.0,0.0,23527.0,1413.0,70190.0,8187.0,2630.0,354.0,133.0,312.0
444,11374.0,3860.0,118451.0,14598.0,5462.0,582.0,15336.0,3314.0,94134.0,11463.0,3709.0,1096.0,116.0,312.0
445,12037.0,2087.0,67436.0,6987.0,3065.0,420.0,12250.0,3381.0,57985.0,5978.0,2444.0,491.0,69.0,313.0
446,12347.0,4385.0,120217.0,14759.0,5714.0,0.0,19063.0,6102.0,101410.0,11978.0,4815.0,840.0,73.0,313.0
447,6446.0,5234.0,229899.0,32007.0,14342.0,441.0,23038.0,7689.0,184789.0,25927.0,12165.0,548.0,133.0,314.0
448,1923.0,1967.0,117770.0,13993.0,4258.0,0.0,24458.0,3967.0,98166.0,11484.0,3287.0,308.0,69.0,314.0
449,4249.0,3613.0,90126.0,11381.0,5177.0,433.0,8707.0,4515.0,71258.0,9251.0,3384.0,306.0,91.0,314.0
450,22492.0,2225.0,163759.0,19384.0,7676.0,0.0,40626.0,3141.0,134230.0,15459.0,5452.0,529.0,114.0,314.0
451,592.0,2359.0,170917.0,19538.0,8160.0,622.0,18941.0,3008.0,139549.0,15768.0,6420.0,732.0,131.0,314.0
452,9810.0,3970.0,167286.0,21390.0,10138.0,662.0,25846.0,5241.0,140077.0,17476.0,9048.0,748.0,97.0,314.0
453,3090.0,3219.0,110885.0,14777.0,5517.0,329.0,22326.0,4475.0,91719.0,12491.0,4266.0,1251.0,73.0,315.0
454,3704.0,1099.0,37437.0,5334.0,3488.0,199.0,12988.0,1670.0,29113.0,4060.0,3172.0,594.0,71.0,315.0
455,2629.0,2485.0,63826.0,7755.0,3197.0,0.0,14857.0,4189.0,54745.0,6255.0,1854.0,373.0,70.0,317.0
456,6265.0,2067.0,159784.0,17027.0,8359.0,547.0,18339.0,3026.0,126026.0,13322.0,5141.0,635.0,145.0,317.0
457,6755.0,888.0,80310.0,9532.0,3853.0,0.0,17399.0,2793.0,66149.0,7495.0,3469.0,300.0,70.0,317.0
458,0.0,871.0,88025.0,10657.0,2503.0,125.0,16083.0,1432.0,71986.0,8835.0,2113.0,207.0,72.0,317.0
459,0.0,4977.0,84697.0,10228.0,3202.0,0.0,15485.0,6561.0,64423.0,8057.0,2856.0,241.0,129.0,318.0
460,6011.0,4420.0,132972.0,15402.0,5409.0,350.0,18488.0,7293.0,104954.0,11886.0,3944.0,1006.0,84.0,318.0
461,0.0,3740.0,127748.0,14662.0,4826.0,0.0,16299.0,3885.0,102372.0,11222.0,3386.0,293.0,145.0,319.0
462,9088.0,0.0,123349.0,12838.0,6838.0,0.0,24975.0,843.0,91881.0,9958.0,6516.0,484.0,153.0,320.0
463,4599.0,1011.0,70552.0,9477.0,4375.0,282.0,9760.0,2902.0,58198.0,7772.0,2677.0,382.0,55.0,320.0
464,0.0,320.0,81305.0,9895.0,3454.0,297.0,15985.0,1398.0,66509.0,7962.0,3222.0,315.0,52.0,320.0
465,5290.0,1824.0,64929.0,8196.0,3380.0,224.0,16972.0,3319.0,53513.0,6789.0,3254.0,505.0,69.0,321.0
466,3238.0,3045.0,155135.0,20611.0,7958.0,797.0,14709.0,3749.0,128623.0,16514.0,5478.0,512.0,92.0,321.0
467,0.0,383.0,118832.0,16622.0,5515.0,887.0,28637.0,1738.0,102394.0,13684.0,4488.0,565.0,83.0,321.0
468,9021.0,34.0,150409.0,18376.0,6558.0,460.0,25343.0,2159.0,117589.0,14020.0,5063.0,710.0,135.0,321.0
469,1708.0,4243.0,217516.0,24793.0,8934.0,106.0,19602.0,4578.0,167746.0,19358.0,8020.0,512.0,148.0,321.0
470,5073.0,1062.0,160389.0,19614.0,8098.0,0.0,16015.0,1538.0,124908.0,14975.0,5959.0,170.0,96.0,322.0
471,0.0,3173.0,102358.0,12802.0,5653.0,803.0,14588.0,4540.0,84826.0,10520.0,4016.0,674.0,70.0,322.0
472,10854.0,1410.0,70267.0,8280.0,3125.0,0.0,18550.0,2450.0,60771.0,6965.0,3070.0,287.0,54.0,322.0
473,8157.0,5949.0,172302.0,26248.0,17338.0,493.0,32843.0,8041.0,135741.0,20078.0,13031.0,1047.0,125.0,323.0
474,0.0,3781.0,149659.0,17915.0,5956.0,0.0,8307.0,5712.0,126353.0,14888.0,5464.0,120.0,73.0,323.0
475,5527.0,5611.0,321616.0,43626.0,17688.0,941.0,50481.0,8874.0,258585.0,34871.0,13666.0,962.0,150.0,323.0
476,0.0,831.0,96885.0,12866.0,5486.0,472.0,11498.0,2541.0,81163.0,10804.0,5083.0,758.0,69.0,324.0
477,7646.0,3850.0,121191.0,16666.0,8658.0,432.0,21927.0,6757.0,99348.0,13432.0,6908.0,634.0,94.0,324.0
478,4059.0,7500.0,140551.0,15232.0,2985.0,29.0,16658.0,8732.0,108621.0,11640.0,2243.0,537.0,111.0,325.0
479,5854.0,590.0,118872.0,13429.0,3727.0,0.0,18235.0,2310.0,95497.0,10592.0,2611.0,329.0,116.0,325.0
480,10568.0,7188.0,197302.0,24869.0,8734.0,670.0,18141.0,8377.0,163596.0,20490.0,7252.0,375.0,72.0,325.0
481,5565.0,1219.0,102727.0,11282.0,3869.0,0.0,10581.0,3206.0,88434.0,9632.0,3501.0,93.0,66.0,326.0
482,5083.0,1017.0,184243.0,22026.0,8170.0,297.0,20328.0,3189.0,142575.0,16872.0,5402.0,792.0,112.0,327.0
483,16379.0,2719.0,175360.0,20844.0,8237.0,0.0,25824.0,3084.0,134847.0,15755.0,6425.0,124.0,133.0,327.0
484,1484.0,1554.0,51525.0,6428.0,3159.0,320.0,15409.0,2101.0,38508.0,5073.0,3616.0,709.0,127.0,327.0
485,19777.0,6208.0,314059.0,34460.0,13216.0,713.0,57612.0,8695.0,241306.0,26512.0,11255.0,1472.0,134.0,327.0
486,5437.0,2409.0,121454.0,16948.0,6628.0,0.0,12840.0,3526.0,99968.0,14224.0,5200.0,686.0,90.0,328.0
487,0.0,1330.0,39464.0,4967.0,1793.0,555.0,13930.0,2838.0,33114.0,4153.0,1478.0,1063.0,74.0,328.0
488,4045.0,2709.0,98570.0,12485.0,4449.0,430.0,10673.0,2456.0,81809.0,9625.0,3879.0,466.0,129.0,329.0
489,3803.0,347.0,88307.0,12345.0,6316.0,0.0,25471.0,1427.0,75679.0,10598.0,5539.0,91.0,74.0,331.0
490,0.0,3547.0,152121.0,16572.0,5742.0,568.0,14328.0,4642.0,121236.0,13037.0,5943.0,530.0,133.0,331.0
491,7649.0,1324.0,188919.0,23384.0,7620.0,0.0,18152.0,2286.0,153769.0,17900.0,6745.0,588.0,114.0,331.0
492,5328.0,6669.0,135544.0,20400.0,10479.0,408.0,24810.0,12136.0,108217.0,16243.0,9375.0,559.0,91.0,332.0
493,0.0,2466.0,186192.0,23055.0,7740.0,1014.0,22580.0,3638.0,155070.0,19417.0,5911.0,1014.0,131.0,332.0
494,0.0,4428.0,174045.0,21467.0,9069.0,0.0,22198.0,7176.0,146555.0,17868.0,7104.0,550.0,73.0,332.0
495,7904.0,2419.0,64670.0,7621.0,3344.0,0.0,15843.0,5188.0,54701.0,5889.0,2508.0,472.0,52.0,332.0
496,16520.0,4669.0,147706.0,20266.0,10720.0,145.0,30603.0,5440.0,116681.0,16455.0,7119.0,702.0,138.0,332.0
497,13237.0,5455.0,141357.0,18662.0,9106.0,0.0,21056.0,7512.0,116062.0,15253.0,8587.0,428.0,119.0,333.0
498,5232.0,782.0,99263.0,12017.0,5720.0,606.0,16743.0,1723.0,81411.0,9781.0,4149.0,1061.0,72.0,333.0
499,4025.0,2629.0,218424.0,28858.0,11125.0,0.0,30536.0,3888.0,174171.0,22627.0,7791.0,317.0,111.0,333.0
500,0.0,3853.0,107180.0,15348.0,8683.0,869.0,8230.0,6498.0,86521.0,11812.0,7596.0,1474.0,83.0,334.0
501,0.0,6853.0,166806.0,18271.0,5767.0,0.0,13483.0,11135.0,139245.0,14964.0,4737.0,541.0,75.0,334.0
502,0.0,0.0,128473.0,16475.0,7430.0,0.0,14893.0,1270.0,101163.0,12905.0,5820.0,233.0,149.0,335.0
503,2068.0,2038.0,187880.0,20659.0,10217.0,191.0,30506.0,2540.0,155472.0,17365.0,9038.0,393.0,74.0,335.0
504,0.0,1333.0,91810.0,11353.0,3345.0,433.0,21165.0,2529.0,75688.0,9074.0,2479.0,491.0,70.0,335.0
505,3954.0,1478.0,87976.0,10909.0,4146.0,50.0,17824.0,2695.0,74930.0,8661.0,3599.0,340.0,71.0,336.0
506,4449.0,435.0,182666.0,24990.0,11079.0,650.0,14710.0,1996.0,152680.0,20256.0,7842.0,1948.0,88.0,336.0
507,3558.0,2452.0,87409.0,11049.0,5054.0,0.0,13937.0,2945.0,69716.0,8709.0,4201.0,272.0,72.0,336.0
508,10054.0,752.0,285708.0,32744.0,9584.0,493.0,28862.0,1572.0,242699.0,27663.0,8420.0,692.0,72.0,337.0
509,8443.0,1874.0,56066.0,7675.0,2828.0,0.0,19758.0,3966.0,47790.0,6457.0,2669.0,523.0,58.0,337.0
510,0.0,637.0,151225.0,17134.0,5094.0,1183.0,12038.0,1224.0,120266.0,13950.0,4274.0,1114.0,131.0,337.0
511,4993.0,1122.0,56752.0,7150.0,2988.0,0.0,12585.0,2261.0,47223.0,5933.0,3019.0,49.0,67.0,338.0
512,0.0,2267.0,55006.0,6556.0,3058.0,0.0,19286.0,3920.0,45234.0,5469.0,2573.0,169.0,69.0,339.0
513,12864.0,4666.0,323777.0,39197.0,11785.0,0.0,20425.0,7329.0,265867.0,32731.0,9284.0,247.0,75.0,339.0
514,5838.0,6984.0,139159.0,16469.0,5521.0,187.0,23377.0,10166.0,116126.0,13486.0,5210.0,273.0,70.0,339.0
515,6343.0,3894.0,103586.0,14834.0,6743.0,62.0,16591.0,6809.0,85111.0,12313.0,4186.0,362.0,55.0,339.0
516,10106.0,10268.0,161511.0,21880.0,10003.0,597.0,20802.0,15687.0,131863.0,17654.0,9433.0,910.0,74.0,340.0
517,3476.0,4122.0,127924.0,14620.0,4292.0,285.0,17594.0,7197.0,109006.0,12574.0,3862.0,360.0,73.0,340.0
518,0.0,594.0,89507.0,11052.0,4827.0,447.0,10287.0,1407.0,71898.0,8641.0,3402.0,594.0,123.0,341.0
519,7042.0,4434.0,156427.0,21214.0,9296.0,0.0,14869.0,5278.0,125129.0,17619.0,6822.0,231.0,75.0,342.0
520,4542.0,3867.0,197794.0,24108.0,11455.0,0.0,23284.0,7519.0,163926.0,19459.0,9505.0,446.0,125.0,342.0
521,15650.0,6151.0,181908.0,21800.0,9686.0,1192.0,32639.0,10316.0,155078.0,18133.0,7438.0,1145.0,113.0,342.0
522,7234.0,1860.0,219934.0,25064.0,7831.0,700.0,31171.0,2137.0,173235.0,19533.0,5798.0,980.0,149.0,343.0
523,13259.0,2343.0,165732.0,21532.0,7832.0,793.0,28908.0,2924.0,134448.0,17671.0,6982.0,1220.0,80.0,344.0
524,6514.0,3973.0,159533.0,19497.0,6561.0,0.0,26319.0,7007.0,128525.0,15382.0,5103.0,484.0,114.0,345.0
525,0.0,593.0,49193.0,5977.0,2855.0,0.0,11538.0,1649.0,39670.0,5257.0,2444.0,442.0,70.0,345.0
526,5069.0,530.0,85047.0,10860.0,4326.0,716.0,8809.0,1259.0,70921.0,8772.0,3038.0,794.0,70.0,345.0
527,5126.0,2515.0,177494.0,22142.0,9784.0,839.0,19225.0,3909.0,146756.0,18239.0,9354.0,1333.0,73.0,346.0
528,1821.0,1311.0,98717.0,11669.0,5529.0,121.0,13874.0,3009.0,80789.0,9561.0,4776.0,488.0,76.0,346.0
529,18836.0,3168.0,159004.0,22933.0,12824.0,0.0,36419.0,4285.0,130417.0,18267.0,10618.0,387.0,146.0,346.0
530,0.0,1778.0,92221.0,10713.0,4446.0,0.0,17185.0,3517.0,74876.0,8739.0,4370.0,659.0,73.0,347.0
531,0.0,3404.0,88629.0,8881.0,3553.0,0.0,8377.0,6462.0,72188.0,7045.0,3402.0,648.0,84.0,347.0
532,9722.0,8542.0,157463.0,16753.0,7731.0,0.0,17371.0,13896.0,127566.0,13615.0,6429.0,237.0,92.0,348.0
533,10288.0,1810.0,74899.0,8967.0,2509.0,0.0,20046.0,2986.0,62569.0,7680.0,2629.0,219.0,52.0,348.0
534,0.0,1344.0,155650.0,19104.0,6877.0,468.0,18034.0,2437.0,134046.0,15943.0,6944.0,518.0,92.0,349.0
535,2274.0,1360.0,96846.0,12601.0,5717.0,836.0,13809.0,2566.0,79664.0,10738.0,5183.0,1013.0,71.0,349.0
536,0.0,1863.0,57121.0,6925.0,2939.0,444.0,7756.0,2919.0,45812.0,5569.0,2572.0,509.0,73.0,349.0
537,38.0,0.0,55889.0,6331.0,2917.0,34.0,15633.0,614.0,46204.0,5049.0,2860.0,184.0,65.0,349.0
538,1991.0,653.0,259702.0,32560.0,10063.0,0.0,10810.0,1486.0,223492.0,28079.0,8875.0,1152.0,75.0,349.0
539,7440.0,833.0,76016.0,9769.0,2672.0,86.0,20577.0,1635.0,62674.0,7818.0,1851.0,356.0,71.0,350.0
540,10664.0,1412.0,144929.0,18212.0,5905.0,0.0,22780.0,1911.0,121482.0,15271.0,5337.0,278.0,70.0,350.0
541,0.0,2581.0,94684.0,12524.0,5923.0,0.0,12286.0,4923.0,80417.0,10366.0,5208.0,333.0,96.0,351.0
542,3983.0,2900.0,77443.0,10579.0,5005.0,242.0,14234.0,2774.0,62323.0,8565.0,3459.0,343.0,77.0,352.0
543,1888.0,2144.0,60958.0,7594.0,3464.0,314.0,22448.0,3682.0,49856.0,6479.0,2505.0,656.0,68.0,352.0
544,1912.0,2166.0,53202.0,6622.0,3749.0,544.0,15264.0,3175.0,44277.0,6126.0,2599.0,1159.0,68.0,352.0
545,0.0,0.0,58665.0,7229.0,2297.0,188.0,7651.0,663.0,52070.0,6443.0,1517.0,267.0,73.0,352.0
546,0.0,132.0,66970.0,8692.0,3434.0,0.0,12709.0,1915.0,58601.0,7088.0,3436.0,161.0,69.0,352.0
547,0.0,10027.0,233030.0,30924.0,16072.0,342.0,20178.0,15643.0,184720.0,24042.0,12391.0,469.0,105.0,352.0
548,1715.0,1608.0,50897.0,6197.0,1397.0,0.0,17344.0,2961.0,41427.0,5157.0,1895.0,391.0,73.0,353.0
549,2630.0,441.0,122098.0,12246.0,6432.0,372.0,9908.0,2125.0,99180.0,9649.0,5123.0,537.0,72.0,353.0
550,4456.0,2261.0,150249.0,18445.0,6422.0,710.0,13213.0,3883.0,119853.0,14848.0,5664.0,1018.0,92.0,354.0
551,2130.0,1316.0,91314.0,12010.0,8158.0,0.0,18182.0,3309.0,72767.0,9446.0,6806.0,399.0,126.0,354.0
552,93.0,0.0,56977.0,8381.0,3974.0,16.0,19255.0,759.0,47822.0,6843.0,4529.0,333.0,52.0,354.0
553,8802.0,4238.0,138115.0,16225.0,5182.0,191.0,23290.0,5203.0,111081.0,13537.0,4237.0,412.0,75.0,355.0
554,0.0,2068.0,81438.0,12057.0,5538.0,0.0,4264.0,3718.0,67048.0,9781.0,5265.0,198.0,70.0,355.0
555,0.0,2547.0,172687.0,21107.0,9309.0,275.0,11309.0,4609.0,139675.0,16825.0,7134.0,281.0,91.0,356.0
556,11807.0,553.0,66915.0,7222.0,3160.0,0.0,19724.0,2115.0,54182.0,5367.0,2487.0,334.0,114.0,356.0
557,5139.0,2957.0,157253.0,20786.0,10267.0,510.0,14350.0,5321.0,131323.0,17373.0,8898.0,861.0,87.0,356.0
558,10003.0,1770.0,131248.0,15182.0,4636.0,513.0,20113.0,3259.0,113349.0,12808.0,3895.0,551.0,89.0,356.0
559,966.0,1821.0,118683.0,14798.0,7102.0,534.0,17020.0,3067.0,92367.0,11444.0,5209.0,1445.0,96.0,357.0
560,13827.0,5072.0,176243.0,20991.0,6754.0,872.0,32109.0,7059.0,146753.0,17074.0,5538.0,473.0,73.0,357.0
561,1178.0,2968.0,126630.0,15419.0,7354.0,517.0,14921.0,5271.0,97249.0,12326.0,6408.0,334.0,133.0,357.0
562,3165.0,2605.0,73588.0,10864.0,2195.0,703.0,18063.0,2935.0,61461.0,8912.0,1836.0,688.0,83.0,358.0
563,0.0,0.0,55316.0,6738.0,2195.0,203.0,11014.0,1003.0,45117.0,5564.0,1612.0,693.0,86.0,358.0
564,4126.0,1838.0,149547.0,17753.0,8408.0,161.0,24994.0,2854.0,123826.0,14421.0,7427.0,696.0,70.0,358.0
565,6871.0,1357.0,230525.0,32161.0,16035.0,779.0,24777.0,3595.0,189663.0,26233.0,13257.0,2218.0,91.0,359.0
566,11528.0,3345.0,130680.0,16264.0,5975.0,945.0,13449.0,4037.0,107293.0,13339.0,5402.0,1102.0,110.0,359.0
567,11951.0,1313.0,62706.0,8844.0,3807.0,115.0,16326.0,2340.0,53571.0,7740.0,3454.0,588.0,70.0,359.0
568,900.0,0.0,79784.0,9315.0,2902.0,818.0,19886.0,948.0,61413.0,6828.0,2014.0,541.0,135.0,359.0
569,0.0,396.0,128778.0,17817.0,8772.0,270.0,11251.0,2111.0,105670.0,14849.0,8119.0,618.0,69.0,359.0
570,6586.0,3056.0,148201.0,19793.0,8492.0,0.0,11884.0,6436.0,127545.0,16948.0,8949.0,142.0,71.0,359.0
571,291.0,2769.0,130788.0,15750.0,5140.0,0.0,12393.0,4793.0,109362.0,12969.0,4686.0,596.0,73.0,360.0
572,0.0,0.0,49885.0,6270.0,1475.0,0.0,13288.0,324.0,43738.0,5128.0,1220.0,64.0,68.0,360.0
573,0.0,639.0,51084.0,6257.0,3368.0,944.0,10387.0,1257.0,42595.0,5082.0,2686.0,555.0,67.0,360.0
574,10843.0,7829.0,363950.0,42078.0,12488.0,0.0,25358.0,11748.0,283107.0,33618.0,10373.0,1333.0,128.0,360.0
575,5292.0,467.0,78732.0,11761.0,4740.0,311.0,22900.0,1410.0,66556.0,9882.0,5036.0,648.0,72.0,360.0
576,16241.0,1142.0,72197.0,8103.0,3351.0,19.0,18245.0,1363.0,61289.0,6736.0,2009.0,251.0,69.0,361.0
577,10469.0,6486.0,197831.0,23167.0,10336.0,76.0,21763.0,9677.0,162557.0,18179.0,7555.0,1065.0,133.0,362.0
578,0.0,522.0,139363.0,16703.0,5696.0,148.0,25434.0,1701.0,112861.0,13457.0,4011.0,219.0,69.0,362.0
579,7109.0,3743.0,105999.0,13054.0,4068.0,601.0,25256.0,6361.0,81645.0,10235.0,4005.0,616.0,89.0,363.0
580,1031.0,1546.0,69521.0,8478.0,4519.0,463.0,18193.0,2941.0,55837.0,6900.0,2663.0,568.0,71.0,363.0
581,3024.0,855.0,73134.0,9785.0,4504.0,507.0,12673.0,1516.0,64744.0,8586.0,4472.0,513.0,73.0,363.0
582,5430.0,2534.0,134953.0,19292.0,7709.0,706.0,16555.0,3539.0,105607.0,15602.0,7050.0,1346.0,76.0,364.0
583,10472.0,2346.0,59212.0,6897.0,3139.0,374.0,25674.0,2168.0,50124.0,5926.0,1798.0,202.0,115.0,364.0
584,113.0,3238.0,180807.0,22809.0,6763.0,570.0,18326.0,3005.0,146862.0,18519.0,4517.0,504.0,150.0,365.0
585,26331.0,13403.0,422957.0,48231.0,16035.0,1083.0,62108.0,19823.0,346108.0,39163.0,13805.0,774.0,135.0,365.0
586,0.0,0.0,89914.0,11281.0,3697.0,0.0,9653.0,1418.0,73105.0,8780.0,2861.0,554.0,86.0,366.0
587,5185.0,0.0,55540.0,7560.0,2724.0,213.0,12815.0,1057.0,44256.0,5935.0,2315.0,427.0,69.0,367.0
588,3942.0,2072.0,113842.0,14579.0,4769.0,462.0,19658.0,3787.0,97115.0,12409.0,4558.0,1351.0,69.0,367.0
589,8918.0,852.0,73046.0,8097.0,3138.0,508.0,12310.0,1174.0,61634.0,6680.0,2477.0,1058.0,70.0,367.0
590,30197.0,7609.0,270243.0,30293.0,14043.0,0.0,61272.0,11599.0,211673.0,24107.0,10887.0,436.0,142.0,367.0
591,15996.0,5785.0,173107.0,19254.0,6858.0,815.0,18229.0,6582.0,135967.0,15685.0,4587.0,918.0,133.0,368.0
592,0.0,528.0,110558.0,13766.0,5021.0,181.0,15543.0,2400.0,88664.0,11342.0,3416.0,1061.0,75.0,369.0
593,0.0,602.0,117308.0,12834.0,4108.0,0.0,12956.0,2107.0,99786.0,11114.0,3602.0,510.0,91.0,370.0
594,4813.0,97.0,105029.0,14694.0,6048.0,0.0,16545.0,1306.0,84514.0,11794.0,4276.0,514.0,73.0,371.0
595,2906.0,4557.0,112725.0,12068.0,3688.0,44.0,22111.0,6154.0,90844.0,9905.0,2722.0,540.0,71.0,371.0
596,131.0,1675.0,69679.0,8349.0,3958.0,303.0,16515.0,3186.0,54963.0,5977.0,2873.0,462.0,90.0,371.0
597,0.0,1715.0,115959.0,16222.0,7647.0,285.0,8428.0,3591.0,97270.0,14000.0,7515.0,367.0,78.0,371.0
598,1332.0,219.0,89765.0,10906.0,4121.0,91.0,15277.0,448.0,73438.0,9053.0,3755.0,537.0,87.0,371.0
599,593.0,2108.0,60221.0,9451.0,7003.0,175.0,14126.0,2747.0,52427.0,8204.0,6031.0,435.0,56.0,372.0
600,6316.0,2728.0,180415.0,22569.0,9409.0,673.0,14139.0,3411.0,140919.0,17490.0,6895.0,954.0,115.0,372.0
601,2586.0,1589.0,98858.0,12694.0,6131.0,0.0,17719.0,2095.0,77428.0,10195.0,5266.0,542.0,153.0,372.0
602,0.0,1278.0,166332.0,18078.0,6576.0,0.0,6218.0,2149.0,132882.0,14345.0,4634.0,630.0,91.0,373.0
603,19631.0,4390.0,144581.0,17804.0,9118.0,439.0,37611.0,6345.0,105708.0,13200.0,7613.0,822.0,96.0,373.0
604,5537.0,104.0,148884.0,16552.0,5271.0,0.0,15625.0,1371.0,129034.0,13963.0,4565.0,173.0,74.0,373.0
605,12625.0,3673.0,91947.0,11914.0,6008.0,258.0,24079.0,5600.0,71487.0,9233.0,4179.0,718.0,113.0,373.0
606,5732.0,718.0,52150.0,6722.0,1502.0,0.0,27122.0,1385.0,45379.0,5315.0,1345.0,171.0,66.0,373.0
607,1259.0,910.0,89212.0,13044.0,4606.0,502.0,13664.0,2139.0,75226.0,10234.0,3764.0,597.0,70.0,373.0
608,858.0,967.0,88108.0,11413.0,5837.0,466.0,23673.0,2087.0,70368.0,9382.0,4200.0,1002.0,92.0,374.0
609,8843.0,506.0,97747.0,13240.0,4310.0,10.0,19333.0,1712.0,81232.0,10565.0,4267.0,1311.0,123.0,374.0
610,0.0,729.0,95556.0,11318.0,2730.0,133.0,8376.0,2227.0,78200.0,9512.0,3264.0,326.0,52.0,374.0
611,7040.0,860.0,149463.0,18002.0,5306.0,0.0,15333.0,1068.0,117588.0,13630.0,5997.0,171.0,130.0,375.0
612,0.0,198.0,131665.0,16711.0,7168.0,0.0,8635.0,2049.0,108348.0,13041.0,5485.0,211.0,92.0,375.0
613,0.0,1327.0,128893.0,16309.0,6396.0,1247.0,13789.0,4328.0,108477.0,13759.0,3832.0,1076.0,88.0,375.0
614,3857.0,1372.0,106064.0,12097.0,4274.0,676.0,17269.0,2068.0,88984.0,9724.0,2497.0,530.0,74.0,375.0
615,4311.0,1838.0,148378.0,16316.0,5159.0,0.0,17620.0,3021.0,124720.0,13151.0,5346.0,338.0,76.0,376.0
616,814.0,2270.0,112099.0,16443.0,6623.0,263.0,15189.0,3822.0,90064.0,13155.0,5802.0,398.0,73.0,376.0
617,4784.0,724.0,61951.0,9436.0,4886.0,0.0,20536.0,2396.0,53667.0,8152.0,4594.0,170.0,59.0,377.0
618,0.0,0.0,80672.0,10842.0,5662.0,478.0,13888.0,1427.0,64710.0,8628.0,4365.0,376.0,127.0,378.0
619,1222.0,787.0,70663.0,8266.0,2241.0,0.0,10016.0,2363.0,55985.0,6810.0,1339.0,261.0,66.0,378.0
620,8221.0,1180.0,48597.0,6513.0,3986.0,728.0,16234.0,1957.0,41482.0,5722.0,4097.0,882.0,52.0,378.0
621,0.0,1087.0,79889.0,9426.0,2429.0,181.0,7767.0,2471.0,65251.0,7891.0,1678.0,506.0,54.0,380.0
622,4769.0,1169.0,207180.0,28886.0,14690.0,302.0,15459.0,2191.0,154926.0,20867.0,11871.0,619.0,139.0,380.0
623,18576.0,1259.0,306800.0,43061.0,17311.0,0.0,24463.0,2739.0,240326.0,32803.0,14079.0,1126.0,131.0,381.0
624,0.0,0.0,101952.0,14942.0,8531.0,543.0,18920.0,1362.0,80154.0,12095.0,7535.0,909.0,122.0,382.0
625,5303.0,1515.0,65720.0,9293.0,3743.0,297.0,18903.0,2665.0,52717.0,7249.0,2647.0,408.0,75.0,384.0
626,0.0,0.0,88918.0,11867.0,4723.0,29.0,13140.0,1511.0,68957.0,8686.0,2183.0,759.0,147.0,384.0
627,0.0,421.0,80738.0,10691.0,5242.0,0.0,7663.0,1445.0,63405.0,7973.0,3478.0,172.0,131.0,384.0
628,2218.0,1786.0,79572.0,9500.0,2459.0,0.0,19349.0,2631.0,67269.0,7961.0,2096.0,684.0,109.0,384.0
629,0.0,806.0,156497.0,17964.0,4777.0,143.0,16408.0,1870.0,129913.0,14745.0,3558.0,429.0,92.0,385.0
630,0.0,4440.0,63248.0,7784.0,4201.0,115.0,11451.0,4688.0,50271.0,5674.0,3158.0,327.0,107.0,385.0
631,17015.0,2584.0,153698.0,17200.0,8320.0,0.0,23759.0,1955.0,123217.0,14142.0,6425.0,413.0,132.0,386.0
632,0.0,1208.0,47020.0,6545.0,3572.0,279.0,8539.0,2320.0,39576.0,5364.0,2932.0,504.0,53.0,387.0
633,3011.0,2256.0,102460.0,11901.0,3205.0,522.0,12179.0,3030.0,84930.0,9648.0,2871.0,712.0,68.0,387.0
634,0.0,0.0,36839.0,5433.0,2616.0,510.0,14867.0,607.0,32642.0,4517.0,1940.0,379.0,57.0,388.0
635,2451.0,2513.0,59772.0,8836.0,4093.0,504.0,20209.0,4607.0,50689.0,7142.0,3831.0,541.0,63.0,388.0
636,8669.0,1865.0,58260.0,7919.0,3525.0,40.0,23032.0,1922.0,47715.0,6427.0,2661.0,202.0,73.0,389.0
637,815.0,3580.0,157813.0,19660.0,7761.0,0.0,13747.0,6046.0,127999.0,15518.0,6286.0,345.0,74.0,389.0
638,699.0,1313.0,109995.0,12917.0,6721.0,623.0,10386.0,2734.0,88161.0,10393.0,5032.0,616.0,138.0,389.0
639,0.0,1795.0,92262.0,10936.0,3919.0,0.0,11139.0,2925.0,74463.0,8717.0,4453.0,300.0,87.0,390.0
640,0.0,1936.0,99719.0,12026.0,4812.0,282.0,13983.0,3738.0,82046.0,9579.0,4198.0,647.0,75.0,390.0
641,4222.0,1494.0,77152.0,10883.0,5770.0,638.0,13309.0,2591.0,66336.0,8871.0,5174.0,1023.0,74.0,390.0
642,9275.0,0.0,196022.0,22326.0,5673.0,1057.0,14454.0,782.0,157459.0,17789.0,5004.0,1311.0,132.0,391.0
643,1174.0,1705.0,105866.0,12953.0,5409.0,133.0,18102.0,2412.0,81673.0,9662.0,3806.0,580.0,143.0,391.0
644,0.0,0.0,147646.0,18474.0,5311.0,424.0,12860.0,1246.0,118463.0,14221.0,4693.0,1370.0,135.0,391.0
645,5493.0,1305.0,83300.0,11049.0,5739.0,297.0,23263.0,1846.0,65031.0,8169.0,4758.0,469.0,129.0,392.0
646,0.0,0.0,77079.0,11336.0,4683.0,50.0,2339.0,1098.0,63105.0,9097.0,5066.0,262.0,77.0,392.0
647,1416.0,2013.0,103090.0,12799.0,3957.0,67.0,15724.0,3553.0,81278.0,9781.0,3322.0,341.0,92.0,392.0
648,4042.0,6217.0,95941.0,16080.0,15315.0,501.0,20413.0,7957.0,81586.0,13876.0,13105.0,798.0,71.0,393.0
649,0.0,165.0,79349.0,9404.0,3663.0,285.0,6326.0,1391.0,65081.0,7602.0,3621.0,452.0,69.0,395.0
650,4097.0,1054.0,50073.0,7322.0,2562.0,411.0,16145.0,1989.0,43491.0,6197.0,1770.0,524.0,52.0,395.0
651,4474.0,3419.0,81831.0,10103.0,2298.0,634.0,20199.0,6425.0,63198.0,7797.0,1949.0,757.0,115.0,396.0
652,451.0,2244.0,87797.0,10311.0,2319.0,53.0,15896.0,3776.0,74129.0,8898.0,1947.0,372.0,52.0,397.0
653,0.0,1467.0,113089.0,13375.0,5039.0,728.0,16240.0,3255.0,90439.0,10512.0,4323.0,734.0,90.0,397.0
654,2731.0,4104.0,83917.0,11346.0,8301.0,890.0,19307.0,5768.0,62816.0,8627.0,6513.0,543.0,136.0,397.0
655,104.0,883.0,71593.0,9863.0,5299.0,573.0,12664.0,1415.0,57924.0,8282.0,3376.0,1037.0,54.0,398.0
656,0.0,1120.0,122189.0,16441.0,5962.0,311.0,11864.0,2541.0,99025.0,13131.0,4374.0,410.0,73.0,398.0
657,1813.0,1622.0,48072.0,6200.0,3018.0,612.0,9405.0,3472.0,38506.0,4541.0,2065.0,401.0,67.0,398.0
658,2008.0,3419.0,182646.0,24821.0,11350.0,745.0,16968.0,5157.0,141381.0,19328.0,10289.0,908.0,100.0,398.0
659,186.0,1639.0,79649.0,10078.0,4222.0,0.0,14388.0,2539.0,59665.0,7735.0,3888.0,578.0,128.0,399.0
660,0.0,181.0,89646.0,14264.0,3940.0,0.0,16952.0,1998.0,70761.0,10954.0,3407.0,595.0,72.0,399.0
661,2335.0,1069.0,35102.0,5468.0,3578.0,103.0,18159.0,2365.0,30237.0,4416.0,2857.0,625.0,50.0,401.0
662,5337.0,2717.0,105877.0,14448.0,6997.0,377.0,23791.0,4384.0,83199.0,11888.0,6464.0,644.0,74.0,402.0
663,8030.0,1292.0,57154.0,7466.0,3997.0,71.0,13084.0,1496.0,44899.0,5769.0,2611.0,272.0,53.0,403.0
664,9337.0,2166.0,136838.0,19669.0,8577.0,0.0,25334.0,5746.0,104060.0,15479.0,6640.0,1308.0,87.0,403.0
665,5107.0,926.0,65589.0,6875.0,2319.0,462.0,12904.0,2764.0,58735.0,5694.0,1933.0,383.0,69.0,403.0
666,4913.0,2056.0,115984.0,13079.0,4000.0,457.0,10441.0,3102.0,89655.0,10213.0,2775.0,715.0,130.0,403.0
667,38.0,1657.0,85309.0,9555.0,2666.0,140.0,12755.0,2035.0,69621.0,7771.0,3320.0,400.0,68.0,403.0
668,2092.0,1227.0,150116.0,18437.0,6779.0,242.0,28737.0,3076.0,126666.0,14980.0,4603.0,293.0,73.0,404.0
669,4279.0,1890.0,158456.0,17060.0,5929.0,408.0,24841.0,2020.0,123098.0,13820.0,5323.0,667.0,135.0,405.0
670,5007.0,1287.0,93819.0,12870.0,5699.0,861.0,11383.0,1566.0,76444.0,10079.0,3924.0,756.0,76.0,405.0
671,15727.0,2772.0,172060.0,21448.0,10137.0,0.0,35437.0,4091.0,141095.0,17033.0,8290.0,516.0,90.0,405.0
672,0.0,192.0,87602.0,9721.0,3031.0,439.0,12185.0,1249.0,73996.0,7848.0,1994.0,493.0,69.0,406.0
673,2266.0,853.0,90004.0,10320.0,3782.0,50.0,24057.0,1961.0,72047.0,8321.0,3122.0,610.0,73.0,406.0
674,7695.0,1477.0,59103.0,7979.0,2301.0,846.0,18810.0,2228.0,48131.0,6526.0,2570.0,715.0,70.0,406.0
675,0.0,4085.0,226684.0,26057.0,9667.0,0.0,23802.0,8503.0,185548.0,21604.0,6668.0,517.0,148.0,407.0
676,7224.0,1601.0,260542.0,36037.0,14647.0,107.0,14063.0,3402.0,213706.0,29200.0,12104.0,542.0,111.0,407.0
677,6235.0,3344.0,140443.0,16242.0,5527.0,366.0,17724.0,5054.0,113708.0,13174.0,4606.0,586.0,94.0,407.0
678,4093.0,1354.0,84251.0,11211.0,6611.0,0.0,17109.0,3058.0,68112.0,8820.0,5306.0,382.0,73.0,407.0
679,9905.0,871.0,202008.0,23074.0,9650.0,543.0,24990.0,3105.0,165392.0,18860.0,8593.0,574.0,134.0,407.0
680,284.0,3375.0,111642.0,13543.0,4569.0,580.0,7581.0,6110.0,93941.0,10882.0,3240.0,906.0,73.0,407.0
681,6170.0,2422.0,77899.0,9997.0,4081.0,0.0,12988.0,3451.0,64341.0,8110.0,3927.0,73.0,68.0,408.0
682,1735.0,602.0,121615.0,14450.0,4700.0,953.0,13211.0,1539.0,99346.0,11585.0,2986.0,959.0,76.0,408.0
683,5820.0,809.0,85305.0,9231.0,2424.0,498.0,21790.0,1960.0,72376.0,7868.0,1541.0,647.0,85.0,408.0
684,0.0,4174.0,170424.0,18712.0,6503.0,0.0,11492.0,3786.0,131434.0,13335.0,4224.0,670.0,128.0,408.0
685,5474.0,631.0,97936.0,13189.0,5592.0,582.0,22597.0,1269.0,75643.0,10515.0,4112.0,890.0,72.0,409.0
686,13699.0,4813.0,67959.0,20738.0,29434.0,610.0,35939.0,5795.0,58187.0,17206.0,24787.0,1690.0,62.0,409.0
687,0.0,0.0,70679.0,8557.0,1840.0,344.0,13696.0,1356.0,59147.0,7111.0,1102.0,220.0,68.0,409.0
688,6038.0,263.0,135100.0,16086.0,5658.0,148.0,16778.0,2256.0,111579.0,13311.0,5409.0,591.0,115.0,410.0
689,4851.0,1213.0,65042.0,7249.0,3924.0,130.0,11696.0,2154.0,52204.0,5816.0,3452.0,258.0,73.0,410.0
690,0.0,0.0,98557.0,12611.0,6097.0,632.0,13734.0,1001.0,81391.0,10023.0,5063.0,851.0,69.0,410.0
691,5158.0,849.0,153405.0,20445.0,8163.0,0.0,21372.0,1874.0,132137.0,17347.0,6762.0,781.0,75.0,410.0
692,4835.0,3200.0,61543.0,9318.0,6543.0,0.0,14572.0,4328.0,52791.0,7741.0,5878.0,445.0,74.0,410.0
693,0.0,651.0,29312.0,4619.0,2000.0,62.0,12671.0,1350.0,25526.0,3768.0,1541.0,327.0,49.0,411.0
694,0.0,1170.0,294609.0,35294.0,12691.0,903.0,15627.0,2491.0,236451.0,28891.0,8814.0,1006.0,129.0,411.0
695,6709.0,1593.0,73139.0,9299.0,2126.0,146.0,21599.0,4357.0,56434.0,6535.0,2312.0,356.0,130.0,411.0
696,4675.0,2463.0,139159.0,18388.0,6374.0,558.0,17463.0,4081.0,118225.0,15349.0,5601.0,635.0,73.0,411.0
697,1073.0,4137.0,164875.0,18228.0,7440.0,0.0,18298.0,6825.0,137026.0,14739.0,6378.0,82.0,71.0,413.0
698,27980.0,9361.0,211967.0,26482.0,10537.0,0.0,47629.0,10482.0,170447.0,21889.0,8733.0,268.0,152.0,413.0
699,2151.0,1355.0,178189.0,20767.0,8120.0,0.0,24090.0,4001.0,148822.0,17222.0,6581.0,227.0,76.0,413.0
700,0.0,2340.0,123767.0,16721.0,7555.0,110.0,11373.0,3013.0,96661.0,12859.0,5803.0,746.0,89.0,414.0
701,0.0,0.0,41257.0,5728.0,1910.0,0.0,13232.0,892.0,35633.0,4906.0,1900.0,128.0,55.0,414.0
702,3453.0,2114.0,69259.0,8324.0,2837.0,227.0,17556.0,3096.0,57651.0,6887.0,2043.0,464.0,72.0,414.0
703,2993.0,1205.0,76773.0,11388.0,5323.0,187.0,9918.0,2402.0,62738.0,8510.0,4525.0,260.0,114.0,415.0
704,0.0,1063.0,160879.0,18378.0,4479.0,0.0,16627.0,3964.0,130331.0,15187.0,3519.0,257.0,131.0,416.0
705,24815.0,1906.0,128249.0,17776.0,8741.0,77.0,20785.0,3246.0,95464.0,13433.0,7368.0,632.0,150.0,416.0
706,4015.0,3732.0,137139.0,17603.0,8004.0,538.0,14205.0,4872.0,105296.0,13319.0,6085.0,1335.0,153.0,418.0
707,12928.0,2520.0,110635.0,13895.0,5978.0,71.0,19383.0,2983.0,87166.0,10237.0,3971.0,434.0,140.0,419.0
708,0.0,2214.0,109843.0,13161.0,5044.0,0.0,16108.0,4328.0,92524.0,10875.0,3227.0,137.0,71.0,419.0
709,0.0,1445.0,89994.0,11707.0,4400.0,656.0,5214.0,2423.0,76046.0,9960.0,3487.0,408.0,72.0,419.0
710,0.0,0.0,73583.0,9090.0,2472.0,149.0,11178.0,1389.0,62375.0,7406.0,2376.0,622.0,72.0,419.0
711,5.0,935.0,51230.0,6533.0,1853.0,577.0,10847.0,1012.0,43241.0,5309.0,1157.0,425.0,73.0,420.0
712,6510.0,2105.0,101085.0,11429.0,4192.0,0.0,19255.0,2813.0,85637.0,9726.0,3732.0,573.0,86.0,420.0
713,3541.0,790.0,127391.0,16166.0,5275.0,125.0,11578.0,2093.0,104604.0,14088.0,3935.0,864.0,77.0,420.0
714,0.0,691.0,87454.0,10363.0,3765.0,0.0,5217.0,2588.0,67791.0,8024.0,2925.0,608.0,130.0,421.0
715,21112.0,11952.0,215458.0,26949.0,9385.0,781.0,50288.0,15849.0,178848.0,22241.0,7858.0,895.0,73.0,421.0
716,0.0,110.0,64912.0,10691.0,8685.0,0.0,10165.0,1643.0,51755.0,8742.0,7192.0,546.0,68.0,421.0
717,0.0,3606.0,237892.0,27287.0,10824.0,0.0,9682.0,5384.0,193689.0,23005.0,8682.0,169.0,109.0,422.0
718,0.0,931.0,67897.0,8708.0,2585.0,438.0,13633.0,1706.0,57159.0,7222.0,3208.0,495.0,72.0,422.0
719,0.0,1099.0,138876.0,17239.0,4353.0,357.0,19848.0,1695.0,119055.0,14061.0,3758.0,590.0,73.0,422.0
720,0.0,1215.0,122322.0,14943.0,3648.0,737.0,6394.0,2293.0,101182.0,11665.0,2799.0,530.0,70.0,424.0
721,3757.0,845.0,130967.0,16214.0,7592.0,782.0,10263.0,1390.0,110274.0,13285.0,6263.0,1107.0,74.0,424.0
722,0.0,0.0,40086.0,5366.0,2137.0,296.0,11917.0,1075.0,35350.0,4541.0,1911.0,438.0,51.0,424.0
723,2694.0,361.0,93009.0,11569.0,4129.0,0.0,13335.0,1558.0,81795.0,10103.0,3661.0,631.0,68.0,425.0
724,4133.0,1458.0,82993.0,10515.0,4323.0,0.0,15941.0,2223.0,67929.0,8741.0,4045.0,265.0,77.0,425.0
725,5198.0,4608.0,150276.0,18066.0,5990.0,234.0,14038.0,5261.0,124142.0,14284.0,4878.0,988.0,70.0,425.0
726,1993.0,1709.0,127251.0,18718.0,9913.0,1408.0,14305.0,2518.0,99799.0,14243.0,6826.0,1359.0,86.0,425.0
727,5007.0,1993.0,137494.0,17277.0,6198.0,246.0,12904.0,4051.0,118112.0,14636.0,4528.0,484.0,72.0,427.0
728,1559.0,967.0,41933.0,5086.0,1797.0,285.0,15002.0,1212.0,36587.0,4566.0,1257.0,277.0,49.0,428.0
729,4393.0,1705.0,149906.0,18893.0,8289.0,1041.0,11456.0,5455.0,117651.0,14387.0,6164.0,608.0,133.0,428.0
730,16842.0,5689.0,448866.0,57210.0,22619.0,2067.0,25197.0,7562.0,338367.0,43984.0,19983.0,2290.0,148.0,428.0
731,5865.0,10156.0,135101.0,20177.0,12949.0,341.0,30027.0,11217.0,109447.0,15630.0,10955.0,1565.0,130.0,429.0
732,3392.0,1746.0,180318.0,20928.0,6938.0,306.0,16523.0,3949.0,150109.0,17779.0,5404.0,518.0,70.0,429.0
733,3837.0,356.0,29458.0,4475.0,1687.0,336.0,9637.0,1584.0,26028.0,3713.0,1049.0,230.0,53.0,429.0
734,4758.0,2376.0,112263.0,12415.0,5290.0,127.0,9456.0,4002.0,92974.0,9858.0,4159.0,303.0,69.0,430.0
735,5964.0,2086.0,122907.0,16130.0,8479.0,501.0,18935.0,2307.0,101152.0,13411.0,6274.0,937.0,75.0,431.0
736,396.0,2061.0,71415.0,9644.0,5517.0,362.0,15346.0,2291.0,56656.0,7602.0,5101.0,582.0,71.0,431.0
737,6666.0,1956.0,93907.0,10618.0,3798.0,390.0,21875.0,3511.0,84544.0,9378.0,3162.0,300.0,69.0,431.0
738,0.0,2704.0,56713.0,8449.0,5937.0,0.0,18040.0,4260.0,45678.0,6638.0,4225.0,221.0,78.0,431.0
739,8219.0,2597.0,187343.0,22658.0,8541.0,496.0,15488.0,5164.0,150282.0,17969.0,5623.0,847.0,75.0,432.0
740,1457.0,741.0,107050.0,12100.0,4203.0,77.0,20224.0,1684.0,90108.0,10209.0,3277.0,592.0,78.0,433.0
741,7311.0,3484.0,209886.0,24598.0,7621.0,288.0,13269.0,5228.0,165468.0,18970.0,5029.0,728.0,115.0,433.0
742,6243.0,950.0,79071.0,9989.0,3884.0,415.0,20880.0,3025.0,67634.0,8603.0,3638.0,554.0,87.0,433.0
743,4464.0,2446.0,150348.0,16852.0,4246.0,276.0,17507.0,3093.0,122741.0,14077.0,3754.0,651.0,136.0,433.0
744,9745.0,2111.0,228008.0,30826.0,13723.0,0.0,17472.0,2514.0,183524.0,25219.0,9171.0,202.0,91.0,433.0
745,0.0,8971.0,141613.0,15256.0,5308.0,344.0,11994.0,9480.0,112042.0,11826.0,5428.0,399.0,144.0,434.0
746,6714.0,2460.0,70197.0,9049.0,3581.0,0.0,14856.0,3805.0,53627.0,7335.0,3508.0,376.0,72.0,434.0
747,0.0,56.0,81136.0,10269.0,5395.0,0.0,12094.0,1589.0,64709.0,7799.0,3547.0,168.0,130.0,434.0
748,1823.0,3187.0,91138.0,13029.0,5977.0,97.0,15628.0,4992.0,72561.0,9745.0,5177.0,346.0,140.0,435.0
749,0.0,872.0,50671.0,5961.0,3044.0,128.0,6545.0,1897.0,42810.0,4726.0,1772.0,224.0,49.0,437.0
750,0.0,531.0,59309.0,6922.0,2721.0,0.0,14918.0,1409.0,47188.0,5444.0,2105.0,323.0,70.0,437.0
751,3524.0,3036.0,94328.0,12169.0,6100.0,0.0,20527.0,3538.0,74773.0,9395.0,4723.0,395.0,130.0,437.0
752,1212.0,0.0,32780.0,5005.0,2393.0,0.0,16506.0,1945.0,26713.0,3872.0,1299.0,129.0,50.0,437.0
753,1179.0,5067.0,130938.0,15026.0,3887.0,0.0,12913.0,7474.0,108408.0,12331.0,2610.0,540.0,73.0,437.0
754,1051.0,590.0,156366.0,18162.0,6565.0,0.0,10809.0,1164.0,127200.0,14470.0,4208.0,774.0,73.0,438.0
755,2042.0,1952.0,92817.0,11685.0,6233.0,170.0,12784.0,2793.0,75881.0,9083.0,3998.0,429.0,81.0,438.0
756,279.0,2092.0,75359.0,8239.0,3960.0,0.0,11092.0,3419.0,61672.0,6619.0,3726.0,212.0,70.0,439.0
757,6857.0,440.0,78991.0,10068.0,5156.0,0.0,11787.0,2250.0,64684.0,7876.0,4819.0,296.0,71.0,439.0
758,1521.0,1216.0,106973.0,13166.0,7165.0,299.0,15143.0,2090.0,87597.0,10676.0,5097.0,442.0,82.0,440.0
759,10103.0,372.0,132926.0,15239.0,4195.0,730.0,13185.0,2197.0,112017.0,12685.0,4412.0,977.0,73.0,440.0
760,2198.0,206.0,58252.0,7245.0,2883.0,161.0,18796.0,2263.0,45748.0,5358.0,2236.0,347.0,69.0,440.0
761,1538.0,1996.0,116853.0,15677.0,6000.0,441.0,18341.0,2570.0,91761.0,11998.0,4436.0,525.0,88.0,440.0
762,0.0,1978.0,144155.0,16763.0,4703.0,113.0,19492.0,2928.0,112084.0,13184.0,4103.0,459.0,92.0,441.0
763,3620.0,2199.0,177278.0,21930.0,6330.0,20.0,24320.0,3288.0,147294.0,17525.0,4954.0,747.0,94.0,441.0
764,13006.0,2974.0,181141.0,21279.0,11844.0,23.0,16657.0,4950.0,143990.0,16803.0,9981.0,372.0,115.0,441.0
765,1334.0,844.0,93320.0,13030.0,5386.0,460.0,10683.0,1228.0,74741.0,10435.0,4341.0,485.0,75.0,442.0
766,2688.0,1890.0,53935.0,6479.0,1850.0,0.0,20228.0,2502.0,41934.0,4898.0,1213.0,367.0,73.0,442.0
767,0.0,986.0,73373.0,8477.0,3666.0,228.0,10178.0,2573.0,58597.0,6536.0,3533.0,225.0,73.0,442.0
768,5681.0,722.0,161864.0,16144.0,7740.0,453.0,26873.0,2476.0,122282.0,12582.0,5289.0,455.0,131.0,443.0
769,8037.0,2182.0,131962.0,15695.0,6386.0,0.0,20017.0,4889.0,104645.0,11766.0,4782.0,573.0,128.0,444.0
770,7221.0,3822.0,131770.0,17746.0,8003.0,1143.0,15420.0,3430.0,105500.0,14127.0,6476.0,921.0,105.0,445.0
771,2551.0,6664.0,141243.0,21212.0,7424.0,276.0,16187.0,12030.0,116782.0,17187.0,5897.0,1267.0,91.0,445.0
772,3368.0,523.0,92355.0,10802.0,4074.0,0.0,18888.0,2085.0,76585.0,8907.0,3707.0,124.0,73.0,446.0
773,9902.0,1937.0,193263.0,22426.0,8210.0,0.0,29274.0,3928.0,149174.0,17365.0,7192.0,238.0,134.0,446.0
774,4490.0,1991.0,154360.0,18643.0,5751.0,29.0,18554.0,2664.0,122382.0,13685.0,3870.0,542.0,110.0,446.0
775,6527.0,2049.0,88930.0,10698.0,4103.0,592.0,20335.0,3660.0,72820.0,8085.0,4788.0,572.0,71.0,447.0
776,3561.0,0.0,383977.0,44374.0,14580.0,0.0,18594.0,2530.0,300443.0,35216.0,12519.0,708.0,148.0,447.0
777,6515.0,2905.0,154109.0,17838.0,5105.0,0.0,16869.0,3386.0,129269.0,14595.0,5323.0,760.0,94.0,448.0
778,6777.0,973.0,70068.0,9446.0,4173.0,812.0,15885.0,1636.0,56777.0,7267.0,2984.0,661.0,73.0,448.0
779,0.0,1002.0,113553.0,14249.0,3712.0,0.0,20649.0,2449.0,93061.0,11526.0,2417.0,415.0,71.0,448.0
780,0.0,1218.0,175974.0,21873.0,8019.0,745.0,8870.0,2377.0,143659.0,17472.0,5702.0,593.0,114.0,448.0
781,3062.0,4548.0,121800.0,16599.0,6746.0,11.0,27794.0,7013.0,101439.0,13652.0,7237.0,458.0,87.0,449.0
782,0.0,1366.0,68099.0,8771.0,2239.0,0.0,2999.0,2034.0,56331.0,6943.0,1512.0,273.0,54.0,449.0
783,11009.0,1095.0,40716.0,5172.0,2445.0,0.0,19725.0,1628.0,32659.0,4081.0,2153.0,324.0,70.0,449.0
784,1303.0,3102.0,115128.0,16431.0,7050.0,574.0,15095.0,5523.0,95453.0,13022.0,5232.0,905.0,73.0,449.0
785,0.0,3547.0,159507.0,18184.0,7433.0,718.0,22979.0,5078.0,130848.0,14889.0,6241.0,973.0,72.0,449.0
786,5328.0,37.0,165910.0,19988.0,5775.0,122.0,13996.0,1170.0,136678.0,16093.0,4505.0,470.0,71.0,449.0
787,1238.0,869.0,118797.0,12716.0,4688.0,219.0,29967.0,1967.0,93406.0,9750.0,3372.0,354.0,73.0,450.0
788,9303.0,2504.0,156530.0,19311.0,7844.0,0.0,21689.0,3279.0,127049.0,16067.0,8040.0,286.0,86.0,450.0
789,0.0,1776.0,138660.0,17175.0,6617.0,439.0,24126.0,3683.0,113076.0,13309.0,4917.0,596.0,73.0,451.0
790,505.0,1773.0,219013.0,27341.0,10347.0,0.0,11366.0,3958.0,177457.0,22705.0,8022.0,198.0,74.0,451.0
791,1368.0,1292.0,160839.0,18715.0,7796.0,0.0,12404.0,3476.0,129278.0,14612.0,5858.0,511.0,74.0,451.0
792,7727.0,1418.0,151230.0,17519.0,6316.0,0.0,13891.0,3273.0,124836.0,13957.0,6292.0,652.0,72.0,451.0
793,9542.0,1486.0,162961.0,19331.0,8422.0,0.0,20380.0,2749.0,125842.0,14562.0,5717.0,881.0,154.0,452.0
794,810.0,3525.0,105395.0,13359.0,4787.0,234.0,11533.0,6215.0,88096.0,10596.0,4414.0,904.0,54.0,452.0
795,1882.0,1152.0,101420.0,12183.0,4224.0,1120.0,18977.0,3524.0,86257.0,10162.0,3793.0,707.0,70.0,452.0
796,0.0,1721.0,37155.0,4559.0,1807.0,0.0,17032.0,2378.0,30496.0,3641.0,2002.0,166.0,54.0,452.0
797,4460.0,467.0,115975.0,17838.0,4201.0,0.0,11772.0,2702.0,94316.0,14675.0,4297.0,501.0,53.0,452.0
798,0.0,929.0,65294.0,7781.0,3062.0,261.0,15442.0,1570.0,53653.0,6684.0,2732.0,521.0,69.0,453.0
799,6802.0,1297.0,193802.0,23186.0,7516.0,688.0,17784.0,2086.0,154978.0,19005.0,6959.0,1845.0,75.0,453.0
800,967.0,1541.0,76025.0,9484.0,3384.0,176.0,8695.0,2057.0,62227.0,7443.0,2911.0,434.0,76.0,453.0
